"OBJECTID","CNN","STREETNAME","FROM_ST","TO_ST","FACILITY_T","DIRECT","SURFACE_TR","BARRIER","NOTES","DIR","DOUBLE","FY","QTR","STREET_","LENGTH","NUMBER_","INSTALL_MO","UPDATE_YR","UPDATE_MO","INSTALL_YR","GLOBALID","SYMBOLOGY","SHARROW","BUFFERED","RAISED","CONTRAFLOW","GREENWAVE","BIAP","SM_SWEEPER","shape","RECOMMENDATION"
"72","10553000","POLK ST","ELM ST","TURK ST","CLASS IV","2W","GREEN PAINT","SAFE-HIT POSTS",,"N","0","0","0","Polk St","0.03242754","25",,"2,022","1","2000",,"SEPARATED BIKEWAY","0","NO","NO","NO","NO","NO","YES","LINESTRING (-122.41890131 37.781704787, -122.418993273 37.782169271)","3"
"721","8752202","MARKET ST","HAYES ST","LARKIN ST","CLASS IV","2W","GREEN PAINT","SAFE-HIT POSTS",,,"0","0","0","Market St","0.02885363","50",,"2,011","5","2001",,"SEPARATED BIKEWAY","0","NO","NO","NO","NO","NO","N/A","LINESTRING (-122.415925978 37.777795113, -122.416291702 37.777493842)","3"
"1950","549102","13TH ST","FOLSOM ST","TRAINOR ST","CLASS IV","2W","GREEN PAINT","SAFE-HIT POSTS",,"E",,"2,017","4","13th St","0.05947065","0","5",,,"2017",,"SEPARATED BIKEWAY","0","NO","NO","NO","NO","NO","NO","LINESTRING (-122.414494438 37.769535777, -122.4148215 37.769546862, -122.415388324 37.769566071, -122.415496407 37.769576481, -122.415577015 37.76959116)","3"
"127","380002","07TH ST","CHANNEL ST","HOOPER ST","CLASS IV","2W",,"SAFE-HIT POSTS",,"N","0",,,"7th St","0.03401025","20",,"2,020","8","1999",,"SEPARATED BIKEWAY","0","NO","NO","NO","NO","NO","NO","LINESTRING (-122.398617492 37.769390865, -122.398179219 37.769041378)","3"
"847","130000","2ND ST","STEVENSON ST","JESSIE ST","CLASS IV","2W","GREEN PAINT","SAFE-HIT POSTS",,"N","0","0","0","2nd St","0.03633685","11",,"2,019","4","0",,"SEPARATED BIKEWAY","0","NO","YES","NO","NO","NO","NO","LINESTRING (-122.400812303 37.788815497, -122.40034385 37.788442163)","3"
"809","12716000","TURK ST","TAYLOR ST","MARKET ST","CLASS IV","1W","GREEN PAINT","SAFE-HIT POSTS",,"W","0",,,"Turk St","0.10224185",,"4",,,"2019",,"SEPARATED BIKEWAY","0","NO","NO","NO","NO","NO","YES","LINESTRING (-122.408952159 37.783287852, -122.409251727 37.783407444, -122.410764827 37.783214313)","3"
"3690","5675000","FOLSOM ST","RAUSCH ST","HALLAM ST","CLASS IV","1W","GREEN PAINT","PARKING; SAFE-HIT POSTS",,"E","0","2,014","0","Folsom St","0.00780029","30",,"2,018","1","2005",,"SEPARATED BIKEWAY","0","NO","NO","NO","NO","NO","NO","LINESTRING (-122.408946745 37.775873445, -122.40884575 37.775953229)","3"
"815","133000","2ND ST","MINNA ST","NATOMA ST","CLASS IV","2W","GREEN PAINT","SAFE-HIT POSTS",,"N","1","0","0","2nd St","0.03634315","11",,"2,019","4","0",,"SEPARATED BIKEWAY","1","NO","YES","NO","NO","NO","NO","LINESTRING (-122.399255049 37.787579278, -122.3987896 37.787203463)","3"
"56","10555000","POLK ST","EDDY ST","WILLOW ST","CLASS IV","2W","GREEN PAINT","SAFE-HIT POSTS",,"S","1","0","0","Polk St","0.03255507","25",,"2,019","5","2000",,"SEPARATED BIKEWAY","0","NO","NO","NO","NO","NO","NO","LINESTRING (-122.419181704 37.7831014, -122.419273432 37.783567785)","3"
"4735","697000","16TH ST","3RD ST","6TH ST","CLASS IV","2W",,"SAFE-HIT POSTS",,"E","1",,,"16th St","0.09322841","33",,"2,021","1","1997",,"SEPARATED BIKEWAY","0","NO","NO","NO","NO","NO","NO","LINESTRING (-122.389099105 37.76690348, -122.390797169 37.766802442)","3"
"3030","299000","5TH ST","FOLSOM ST","SHIPLEY ST","CLASS IV","2W",,"SAFE-HIT POSTS",,"N","0","0","0","5th St","0.04244145","61",,"2,020","3","2009",,"SEPARATED BIKEWAY","0","NO","NO","NO","NO","NO","YES","LINESTRING (-122.403387209 37.780264972, -122.402840617 37.779828524)","3"
"4183","304000","5TH ST","BRYANT ST","WELSH ST","CLASS IV","2W",,"SAFE-HIT POSTS",,"N","0","0","0","5th St","0.04154019","61",,"2,020","3","2009",,"SEPARATED BIKEWAY","0","NO","NO","NO","NO","NO","YES","LINESTRING (-122.40029776 37.777799011, -122.399762585 37.777371995)","3"
"2421","12666000","TOWNSEND ST","7TH ST","DIVISION ST","CLASS IV","2W","GREEN PAINT","SAFE-HIT POSTS",,"W","0","0","0","Townsend St","0.17153016","23",,"2,020","7","2010",,"SEPARATED BIKEWAY","0","NO","NO","NO","NO","NO","NO","LINESTRING (-122.401656681 37.771817126, -122.4038777 37.770062866)","3"
"141","8758202","MARKET ST","GOUGH ST","VALENCIA ST","CLASS IV","2W","GREEN PAINT","SAFE-HIT POSTS",,"W","1","0","0","Market St","0.03463131","47",,"2,019","5","2000",,"SEPARATED BIKEWAY","0","NO","NO","NO","NO","NO","YES","LINESTRING (-122.422169937 37.772855935, -122.42261969 37.772502818)","3"
"271","374000","7TH ST","HARRISON ST","I-80 E OFF-RAMP","CLASS IV","1W","GREEN PAINT","PARKING; SAFE-HIT POSTS",,"N","0","0","0","7th St","0.06610278","23",,"2,020","7","2000",,"SEPARATED BIKEWAY","0","NO","NO","NO","NO","NO","YES","LINESTRING (-122.406295965 37.775514154, -122.405443791 37.774835102)","3"
"26","5679000","FOLSOM ST","9TH ST","DORE ST","CLASS IV","1W","GREEN PAINT","PARKING; SAFE-HIT POSTS",,"E","0","2,014","0","Folsom St","0.04743372","30",,"2,018","3","1997",,"SEPARATED BIKEWAY","0","NO","NO","NO","NO","NO","YES","LINESTRING (-122.411610117 37.773769346, -122.412225006 37.773284781)","3"
"3943","6262000","GOLDEN GATE AVE","HYDE ST","CONTINUUM ALY","CLASS IV","1W","GREEN PAINT","SAFE-HIT POSTS",,"E",,"0","0","Golden Gate Ave","0.04557447","0","6","2,021","5","2016",,"SEPARATED BIKEWAY","0","NO","NO","NO","NO","NO","NO","LINESTRING (-122.414683132 37.781759092, -122.415505178 37.781654261)","0"
"946","12557201","THE EMBARCADERO","LOMBARD ST","CHESTNUT ST","CLASS IV","2W","GREEN PAINT","SAFE-HIT POSTS",,"N","0","0","0","The Embarcadero","0.11088425","5","0","2,024","3","2002",,"SEPARATED BIKEWAY","0","NO","NO","NO","NO","NO","NO","LINESTRING (-122.401976125 37.804071966, -122.403433187 37.805189278)","3"
"514","10171000","PAGE ST","OCTAVIA ST","LAGUNA ST","CLASS IV","2W",,"SAFE-HIT POSTS",,"E","1","2,016","3","Page St","0.09719902","45",,"2,020","2","2006",,"SEPARATED BIKEWAY","0","YES","NO","NO","NO","NO","NO","LINESTRING (-122.423947062 37.773889238, -122.42570021 37.77366623)","3"
"76","10548000","POLK ST","LECH WALESA ST","GROVE ST","CLASS IV","1W","GREEN PAINT","CONCRETE",,"N","0","2,014","4","Polk St","0.03607967","2",,"2,014",,"2002",,"SEPARATED BIKEWAY","0","NO","NO","YES","NO","NO","YES","LINESTRING (-122.418138569 37.777970664, -122.418226582 37.778489117)","3"
"101","10547000","POLK ST","HAYES ST","LECH WALESA ST","CLASS IV","1W","GREEN PAINT","CONCRETE",,"N","0","2,014","4","Polk St","0.03208089","25",,"2,014",,"2000",,"SEPARATED BIKEWAY","0","NO","NO","YES","NO","NO","YES","LINESTRING (-122.418043167 37.777511711, -122.418138569 37.777970664)","3"
"843","133000","2ND ST","MINNA ST","NATOMA ST","CLASS IV","2W","GREEN PAINT","SAFE-HIT POSTS",,"S","0","0","0","2nd St","0.03634315","25",,"2,019","4","0",,"SEPARATED BIKEWAY","0","NO","YES","NO","NO","NO","NO","LINESTRING (-122.399255049 37.787579278, -122.3987896 37.787203463)","3"
"2494","13060000","VALENCIA ST","16TH ST","17TH ST","CLASS IV","2W","GREEN PAINT","PARKING; SAFE-HIT POSTS","CR implemented 8/2023; SR implemented 5/2025","S","1","0","0","Valencia St","0.11188467","45",,"2,025","5","1974",,"SEPARATED BIKEWAY","0","NO","NO","NO","YES","NO","N/A","LINESTRING (-122.421886446 37.764917378, -122.421731521 37.763299768)","3"
"3698","780000","17TH ST","RHODE ISLAND ST","DE HARO ST","CLASS IV","2W","GREEN PAINT","PARKING; SAFE-HIT POSTS",,"W","1","2,017","3","17th St","0.05295381","0","3","2,024","6","2017",,"SEPARATED BIKEWAY","0","NO","NO","NO","NO","NO","NO","LINESTRING (-122.401598999 37.764839237, -122.402563397 37.764781034)","3"
"11206","2756000","BATTERY ST","SACRAMENTO ST","COMMERCIAL ST","CLASS IV","1W",,"SAFE-HIT POSTS",,"N","0","0","0","Battery St","0.03081662","11",,"2,023","1","2010",,"SEPARATED BIKEWAY","0","NO","NO","YES","NO","NO","NO","LINESTRING (-122.400148778 37.794134235, -122.400239374 37.794575242)","3"
"2473","416000","8TH ST","BRYANT ST","BRANNAN ST","CLASS IV","1W","GREEN PAINT","PARKING; SAFE-HIT POSTS",,"S","0","0","0","8th St","0.11973259","23",,"2,018","5","1999",,"SEPARATED BIKEWAY","0","NO","NO","NO","NO","NO","YES","LINESTRING (-122.40696829 37.77252627, -122.405424735 37.771296353)","3"
"795","5330201","EVANS AVE","JENNINGS ST","KEITH ST","CLASS IV","2W",,"SAFE-HIT POSTS",,"W","0","0","0","Evans Ave","0.12824768","23",,"2,021","5","2002",,"SEPARATED BIKEWAY","0","NO","NO","NO","NO","NO","NO","LINESTRING (-122.379109648 37.737680294, -122.379169306 37.737765588, -122.380110065 37.738307877, -122.380258739 37.738434664, -122.380365528 37.738531155, -122.380796799 37.738775517, -122.380942553 37.738763577)","3"
"102","10562000","POLK ST","CEDAR ST","POST ST","CLASS IV","2W","GREEN PAINT","SAFE-HIT POSTS",,"S","1","0","0","Polk St","0.03273109","705",,"2,019","5","1999",,"SEPARATED BIKEWAY","0","NO","NO","NO","NO","NO","YES","LINESTRING (-122.419833091 37.786358951, -122.419927948 37.786827527)","3"
"11205","2755000","BATTERY ST","HALLECK ST","SACRAMENTO ST","CLASS IV","1W",,"SAFE-HIT POSTS",,"N","0","0","0","Battery St","0.03079143","11",,"2,023","1","2010",,"SEPARATED BIKEWAY","0","NO","NO","YES","NO","NO","NO","LINESTRING (-122.40005826 37.793693588, -122.400148778 37.794134235)","3"
"8013","7034000","HOWARD ST","2ND ST","MALDEN ALLEY","CLASS IV","1W","GREEN PAINT","PARKING; SAFE-HIT POSTS",,"W",,,,"Howard St","0.02507722",,,"2,020","12","2005",,"SEPARATED BIKEWAY","0","NO","NO","NO","NO","NO","NO","LINESTRING (-122.397932391 37.78703558, -122.398256963 37.78677895)","3"
"1302","182000","3RD ST","BERRY ST","CHANNEL ST","CLASS IV","2W",,"SAFE-HIT POSTS","Split a CNN for accuracy","S","1","0","0","3rd St","0.07627142","5",,"2,020","7","2010",,"SEPARATED BIKEWAY","1","NO","NO","YES","NO","NO","NO","LINESTRING (-122.390639284 37.777173064, -122.39042828 37.777008006, -122.390425035 37.77700313, -122.390214567 37.776723442)",
"3705","304000","5TH ST","BRYANT ST","WELSH ST","CLASS IV","2W",,"PARKING; SAFE-HIT POSTS",,"S","1","0","0","5th St","0.04154019","61",,"2,020","3","2009",,"SEPARATED BIKEWAY","0","NO","NO","NO","NO","NO","YES","LINESTRING (-122.40029776 37.777799011, -122.399762585 37.777371995)","3"
"2579","8760101","MARKET ST","OCTAVIA ST","PEARL ST","CLASS IV","2W","GREEN PAINT","SAFE-HIT POSTS",,"E","0","0","0","Market St","0.02905989","50",,"2,014",,"2003",,"SEPARATED BIKEWAY","1","NO","NO","NO","NO","NO","YES","LINESTRING (-122.423619523 37.771716962, -122.423971654 37.771401668)","3"
"2444","12720000","TURK ST","DODGE PL","HYDE ST","CLASS IV","1W","GREEN PAINT","SAFE-HIT POSTS",,"W","0",,,"Turk St","0.07147104",,"4",,,"2018",,"SEPARATED BIKEWAY","0","NO","NO","NO","NO","NO","YES","LINESTRING (-122.415693872 37.782585033, -122.416982995 37.782420417)","3"
"2482","5671000","FOLSOM ST","SHERMAN ST","MOSS ST","CLASS IV","1W","GREEN PAINT","PARKING; SAFE-HIT POSTS",,"E","0","2,014","0","Folsom St","0.02154211","30",,"2,018","1","2005",,"SEPARATED BIKEWAY","0","NO","NO","NO","NO","NO","YES","LINESTRING (-122.407014751 37.777399633, -122.407293681 37.777179298)","3"
"3134","368000","7TH ST","MISSION ST","MINNA ST","CLASS IV","1W","GREEN PAINT","SAFE-HIT POSTS",,"N","0","2,017","4","7th St","0.0415018","23",,"2,025","5","2003",,"SEPARATED BIKEWAY","1","NO","NO","NO","NO","NO","YES","LINESTRING (-122.410936574 37.779211685, -122.410401493 37.778785372)","3"
"859","377000","7TH ST","TOWNSEND ST","KING ST","CLASS IV","2W",,"PARKING; SAFE-HIT POSTS",,"N","0","0","0","7th St","0.06612726","23",,"2,019","7","2006",,"SEPARATED BIKEWAY","0","NO","NO","NO","NO","NO","YES","LINESTRING (-122.401656681 37.771817126, -122.400804277 37.771137788)","3"
"948","10613101","PORTOLA DR","GLENVIEW DR","TWIN PEAKS BLVD","CLASS IV","2W",,"SAFE-HIT POSTS",,"E","1","0","0","Portola Dr","0.17828296","45",,"0",,"2011",,"SEPARATED BIKEWAY","0","NO","NO","NO","NO","NO","N/A","LINESTRING (-122.447786106 37.746438159, -122.447865628 37.746346742, -122.448863524 37.74610661, -122.449697917 37.745950735, -122.450483238 37.745819346, -122.450736729 37.745754638, -122.450852984 37.745825832)","3"
"3432","549101","13TH ST","TRAINOR ST","HARRISON ST","CLASS IV","2W","GREEN PAINT","SAFE-HIT POSTS",,"E",,"2,017","4","13th St","0.06079232","0","5",,,"2017",,"SEPARATED BIKEWAY","0","NO","NO","NO","NO","NO","NO","LINESTRING (-122.413385238 37.769502005, -122.413468787 37.769498307, -122.414125129 37.769523259, -122.414494438 37.769535777)","3"
"5046","13059000","VALENCIA ST","SPARROW ST","16TH ST","CLASS IV","2W","GREEN PAINT","PARKING; SAFE-HIT POSTS","CR implemented 8/2023; SR implemented 5/2025","S","1","0","0","Valencia St","0.05557076","45",,"2,025","5","2005",,"SEPARATED BIKEWAY","0","NO","NO","NO","NO","NO","N/A","LINESTRING (-122.421964312 37.765720755, -122.421886446 37.764917378)","3"
"3273","7530201","JOHN F KENNEDY DR","STANYAN ST","UNNAMED #133","CLASS IV","2W",,"SAFE-HIT POSTS",,"W","1","0","0","John F Kennedy Dr","0.05766187","65",,"2,021","1","2005",,"SEPARATED BIKEWAY","0","NO","NO","NO","NO","NO","NO","LINESTRING (-122.453979523 37.771428395, -122.454932132 37.771071719)","3"
"3552","5683000","FOLSOM ST","11TH ST","NORFOLK ST","CLASS IV","2W","GREEN PAINT; GREEN-BACKED SHARROWS","PARKING; SAFE-HIT POSTS",,"E","1","0","0","Folsom St","0.04183031","30",,"2,018","3","1971",,"SEPARATED BIKEWAY","1","NO","NO","NO","NO","NO","YES","LINESTRING (-122.414026707 37.771863707, -122.414526088 37.771404651)","3"
"2944","7043000","HOWARD ST","6TH ST","HARRIET ST","CLASS IV","1W","GREEN PAINT","PARKING; SAFE-HIT POSTS",,"W","0","0","0","Howard St","0.04108055","30",,"2,018","12","1997",,"SEPARATED BIKEWAY","0","NO","NO","NO","NO","NO","N/A","LINESTRING (-122.407159488 37.779738906, -122.407691083 37.779318461)","3"
"3796","5674000","FOLSOM ST","LANGTON ST","HALLAM ST","CLASS IV","1W","GREEN PAINT","PARKING; SAFE-HIT POSTS",,"E","0","2,014","0","Folsom St","0.03583271","30",,"2,018","1","2002",,"SEPARATED BIKEWAY","0","NO","NO","NO","NO","NO","YES","LINESTRING (-122.408380113 37.776318387, -122.40884575 37.775953229)","3"
"4294","13070000","VALENCIA ST","HILL ST","22ND ST","CLASS IV","2W","GREEN PAINT","PARKING; SAFE-HIT POSTS","CR implemented 8/2023; SR implemented 5/2025","N","0","0","0","Valencia St","0.0558181","45",,"2,025","5","2001",,"SEPARATED BIKEWAY","0","NO","NO","NO","YES","NO","NO","LINESTRING (-122.421041141 37.756101806, -122.420964092 37.755294782)","3"
"503","2802101","BAYSHORE BLVD","INDUSTRIAL ST","HELENA ST","CLASS IV","2W",,"SAFE-HIT POSTS",,"N","1","0","0","Bayshore Blvd","0.11485607","70",,"2,023","9","2012",,"SEPARATED BIKEWAY","2","NO","NO","NO","NO","NO","YES","LINESTRING (-122.406910504 37.737965867, -122.406703836 37.736308604)","3"
"3748","7047000","HOWARD ST","7TH ST","LANGTON ST","CLASS IV","1W","GREEN PAINT","PARKING; SAFE-HIT POSTS",,"W","0","0","0","Howard St","0.04139537","30",,"2,018","12","1997",,"SEPARATED BIKEWAY","0","NO","NO","NO","NO","NO","N/A","LINESTRING (-122.409387006 37.777977087, -122.40992265 37.77755341)","3"
"74","10563000","POLK ST","POST ST","HEMLOCK ST","CLASS IV","2W","GREEN PAINT; GREEN-BACKED SHARROW","SAFE-HIT POSTS",,"N","0","0","0","Polk St","0.03160827","25",,"2,019","5","2004",,"SEPARATED BIKEWAY","1","NO","NO","NO","NO","NO","YES","LINESTRING (-122.419927948 37.786827527, -122.420019573 37.787280026)","3"
"7366","5455000","FELL ST","CENTRAL AVE","MASONIC AVE","CLASS IV","1W","GREEN PAINT","PARKING; SAFE-HIT POSTS",,"W","0","2,020",,"Fell St","0.09351094",,"8",,,"2020",,"SEPARATED BIKEWAY","0","NO","NO","NO","NO","NO","NO","LINESTRING (-122.444216183 37.773212067, -122.445902366 37.772995406)","3"
"1735","8756101","MARKET ST","PAGE ST","FRANKLIN ST","CLASS IV","2W","GREEN PAINT","SAFE-HIT POSTS",,"W","1","0","0","Market St","0.03431737","50",,"2,020","2","2003",,"SEPARATED BIKEWAY","0","NO","NO","NO","NO","NO","YES","LINESTRING (-122.420254279 37.774358675, -122.420698773 37.774007806)","3"
"1367","2153000","ALEMANY BLVD","INDUSTRIAL ST OFF RAMP","SAN BRUNO AVE","CLASS IV","2W","GREEN PAINT","SAFE-HIT POSTS",,"E","1","0","0","Alemany Blvd","0.04197622","45",,"2,021","1","2011",,"SEPARATED BIKEWAY","1","NO","NO","NO","NO","NO","NO","LINESTRING (-122.407434426 37.736021749, -122.407623298 37.73595297, -122.407880889 37.735903389, -122.408169098 37.735859113)","3"
"7365","5456000","FELL ST","MASONIC AVE","ASHBURY ST","CLASS IV","1W",,"PARKING; SAFE-HIT POSTS",,"W","0","2,020",,"Fell St","0.08844798",,"8",,,"2020",,"SEPARATED BIKEWAY","0","NO","NO","NO","NO","NO","NO","LINESTRING (-122.445902366 37.772995406, -122.447497245 37.772790454)","3"
"3713","781000","17TH ST","KANSAS ST","RHODE ISLAND ST","CLASS IV","2W",,"SAFE-HIT POSTS",,"E","0","2,017","3","17th St","0.05291216","0","3","2,024","6","2017",,"SEPARATED BIKEWAY","0","NO","NO","NO","NO","NO","NO","LINESTRING (-122.402563397 37.764781034, -122.403527035 37.76472287)","3"
"2228","13065000","VALENCIA ST","19TH ST","CUNNINGHAM PL","CLASS IV","2W","GREEN PAINT","PARKING; SAFE-HIT POSTS","CR implemented 8/2023; SR implemented 5/2025","S","1","0","0","Valencia St","0.0504113","45",,"2,025","5","1995",,"SEPARATED BIKEWAY","0","NO","NO","NO","YES","NO","NO","LINESTRING (-122.421425212 37.760101293, -122.421355417 37.759372454)","3"
"3644","2474000","CESAR CHAVEZ ST","MISSISSIPPI ST","MISSOURI ST","CLASS IV","2W","GREEN PAINT","SAFE-HIT POSTS",,"W","0","0","0","Cesar Chavez St","0.1080224","60",,"0",,"2012",,"SEPARATED BIKEWAY","0","NO","NO","NO","NO","NO","YES","LINESTRING (-122.393340266 37.749915158, -122.395307863 37.749803786)","3"
"145","7198000","INDIANA ST","23RD ST","25TH ST","CLASS IV","2W","GREEN PAINT","SAFE-HIT POSTS",,"S","1","0","0","Indiana St","0.17728525","7",,"2,019",,"2010",,"SEPARATED BIKEWAY","1","NO","NO","YES","NO","NO","YES","LINESTRING (-122.390921943 37.755213903, -122.390771079 37.753604363, -122.39068451 37.753450285, -122.390664067 37.753126328, -122.390682856 37.752663074)","3"
"11208","2758000","BATTERY ST","CLAY ST","MERCHANT ST","CLASS IV","1W",,"SAFE-HIT POSTS",,"S",,,,"Battery St","0.0303694",,"1",,,"2023",,"SEPARATED BIKEWAY","0","NO","NO","NO","NO","NO","NO","LINESTRING (-122.400342539 37.795018149, -122.400425891 37.795453497)","3"
"12174","8047201","LAKE MERCED BLVD","MIDDLEFIELD DR","WINSTON DR","CLASS IV","2W",,"CONCRETE; SAFE-HIT POSTS",,"W","0","0","0","Lake Merced Blvd","0.23765763","885","3",,,"2024",,"SEPARATED BIKEWAY","0","NO","NO","NO","NO","NO","NO","LINESTRING (-122.486552073 37.729585011, -122.485721843 37.729292401, -122.485404531 37.729019368, -122.484053165 37.727412415, -122.483864395 37.727019523)","3"
"3261","7049000","HOWARD ST","RAUSCH ST","SUMNER ST","CLASS IV","1W","GREEN PAINT","PARKING; SAFE-HIT POSTS",,"W","0","0","0","Howard St","0.03931133","30",,"2,018","12","2005",,"SEPARATED BIKEWAY","0","NO","NO","NO","NO","NO","N/A","LINESTRING (-122.410505753 37.777092185, -122.411014418 37.776689833)","3"
"11851","14216000","MACALLA RD","NIMITZ DR","MACALLA CT","CLASS IV","2W",,"CONCRETE","No cline available; new construction; need update","S","1",,,"Macalla Rd","0.03676",,"1",,,"2023",,"SEPARATED BIKEWAY","0","NO","NO","NO","NO","NO","NO","LINESTRING (-122.369800876 37.811873618, -122.369149296 37.811743719)","3"
"930","370000","7TH ST","NATOMA ST","HOWARD ST","CLASS IV","1W","GREEN PAINT","PARKING; SAFE-HIT POSTS",,"N","0","2,017","4","7th St","0.04275555","23",,"2,017","5","2003",,"SEPARATED BIKEWAY","0","NO","NO","NO","NO","NO","YES","LINESTRING (-122.40993824 37.778416283, -122.409387006 37.777977087)","3"
"1559","7210000","INDUSTRIAL ST","I-280 CONNECTOR","101- NORTH ON-RAMP","CLASS IV","2W",,"SAFE-HIT POSTS",,"W","0","0","0","Industrial St","0.0277612","45",,"2,021","1","2005",,"SEPARATED BIKEWAY","0","NO","NO","NO","NO","NO","NO","LINESTRING (-122.407657695 37.737813255, -122.407788982 37.737777138, -122.408124579 37.737657378)","3"
"8646","3239201","BROTHERHOOD WAY","ALEMANY BLVD","ARCH ST","CLASS IV","2W",,"SAFE-HIT POSTS",,"W","0",,,"Brotherhood Wy","0.24622422",,,"2,021","5","1997",,"SEPARATED BIKEWAY","0","NO","NO","NO","NO","NO","NO","LINESTRING (-122.463030029 37.711422541, -122.463153182 37.711535032, -122.463788258 37.711961149, -122.464393442 37.712289375, -122.465024593 37.712461937, -122.46569669 37.712513826, -122.466955958 37.712482817, -122.467072691 37.712421871)","0"
"12161","8042000","LAKE MERCED BLVD","SKYLINE BLVD","BERKSHIRE WY","CLASS IV","2W",,"CONCRETE; SAFE-HIT POSTS",,"E","1","0","0","Lake Merced Blvd","0.06168489","885","3",,,"2024",,"SEPARATED BIKEWAY","0","NO","NO","YES","NO","NO","NO","LINESTRING (-122.499058976 37.731576071, -122.498229795 37.731376239, -122.498001637 37.731277833)","3"
"11852","14217000","MACALLA RD","MACALLA CT","YERBA BUENA RD","CLASS IV","2W",,"CONCRETE","No cline available; new construction; need update","S","1",,,"Macalla Rd","0.14152327",,"1",,,"2023",,"SEPARATED BIKEWAY","0","NO","NO","NO","NO","NO","NO","LINESTRING (-122.369149296 37.811743719, -122.368728649 37.811652669, -122.368440812 37.811554766, -122.368183346 37.811463036, -122.36794018 37.811339143, -122.367755051 37.811225566, -122.367658369 37.811185845, -122.367560845 37.811179406, -122.367289278 37.81119435, -122.366739204 37.811148501)","3"
"4567","4843000","DIVISION ST","SAN BRUNO AV","9TH ST","CLASS IV","2W","GREEN PAINT","PARKING",,"E","0","0","0","Division St","0.02022069","25",,"2,016","12","2000",,"SEPARATED BIKEWAY","0","NO","NO","NO","NO","NO","NO","LINESTRING (-122.405939204 37.76965901, -122.406213363 37.769462546)","3"
"437","407000","8TH ST","MINNA ST","NATOMA ST","CLASS IV","1W","GREEN PAINT","PARKING; SAFE-HIT POSTS",,"S","0","2,017","4","8th St","0.03557734","23",,"2,017","5","2003",,"SEPARATED BIKEWAY","0","NO","NO","NO","NO","NO","YES","LINESTRING (-122.412616667 37.77702642, -122.412157954 37.776660987)","3"
"154","7039001","HOWARD ST","4TH ST","5TH ST","CLASS IV","1W","GREEN PAINT","PARKING; SAFE-HIT POSTS",,"W",,"0","0","Howard St","0.17194499","30",,"2,019","3","1997",,"SEPARATED BIKEWAY","1","NO","NO","NO","NO","NO","YES","LINESTRING (-122.402708154 37.783259236, -122.404933347 37.781499509)","3"
"2661","12554201","THE EMBARCADERO","WASHINGTON ST","BROADWAY","CLASS IV","2W","GREEN PAINT","SAFE-HIT POSTS",,"N","0","0","0","The Embarcadero","0.21483667","20",,"2,022","3","2004",,"SEPARATED BIKEWAY","0","YES","NO","NO","NO","NO","NO","LINESTRING (-122.395406648 37.796687324, -122.397658168 37.79923908)","3"
"3489","9761000","OAK ST","DIVISADERO ST","BRODERICK ST","CLASS IV","1W","GREEN PAINT","CONCRETE; SAFE-HIT POSTS",,"E","0","0","0","Oak St","0.09234535","30",,"2,017","1","2013",,"SEPARATED BIKEWAY","0","NO","NO","NO","NO","NO","YES","LINESTRING (-122.4390886 37.772921982, -122.43742294 37.773133493)","3"
"2355","4846201","DIVISION ST","POTRERO AV","11TH ST","CLASS IV","2W","GREEN-BACKED SHARROWS","CONCRETE",,"W","0","0","0","Division St","0.16144612","50",,"2,017","5","2010",,"SEPARATED BIKEWAY","1","NO","NO","NO","NO","NO","YES","LINESTRING (-122.408007204 37.76924401, -122.408551358 37.769252189, -122.409257953 37.769220623, -122.409540431 37.769235056, -122.410756184 37.769422342, -122.410931088 37.769411191)","3"
"131","13055000","VALENCIA ST","CLINTON PARK","BROSNAN ST","CLASS IV","2W","GREEN PAINT","CONCRETE; SAFE-HIT POSTS",,"S","1","0","0","Valencia St","0.03621168","45",,"2,019","5","1999",,"SEPARATED BIKEWAY","0","NO","NO","NO","NO","NO","YES","LINESTRING (-122.422308302 37.769277686, -122.422258155 37.768754144)","3"
"4617","548101","13TH ST","HARRISON ST","11TH ST","CLASS IV","2W","GREEN PAINT","PARKING",,"E",,"2,017","4","13th St","0.13452617","0","5",,,"2017",,"SEPARATED BIKEWAY","0","NO","NO","NO","NO","NO","YES","LINESTRING (-122.410931089 37.769411191, -122.411119023 37.769411274, -122.413206967 37.769488537, -122.413385238 37.769502005)","3"
"4239","7054000","HOWARD ST","DORE ST","GRACE ST","CLASS IV","1W","GREEN PAINT","PARKING; SAFE-HIT POSTS",,"W","0","0","0","Howard St","0.01350748","30",,"2,018","12","2000",,"SEPARATED BIKEWAY","0","NO","NO","NO","NO","NO","N/A","LINESTRING (-122.413768848 37.774516257, -122.413943763 37.774378121)","3"
"1918","5339000","EVANS AVE","SELBY ST","NAPOLEON ST","CLASS IV","2W",,"PARKING; SAFE-HIT POSTS",,"W","1","0","0","Evans Ave","0.13140238","68",,"2,022","10","2006",,"SEPARATED BIKEWAY","0","NO","NO","NO","NO","NO","NO","LINESTRING (-122.39404894 37.74616295, -122.396008614 37.747262349)","3"
"4779","2801103","BAYSHORE BLVD","MARENGO ST","INDUSTRIAL ST","CLASS IV","2W",,"SAFE-HIT POSTS",,"S","0","0","0","Bayshore Blvd","0.03485564","25",,"2,023","9","2012",,"SEPARATED BIKEWAY","0","YES","NO","NO","NO","NO","NO","LINESTRING (-122.406990758 37.738467226, -122.406910504 37.737965867)","3"
"2375","7530202","JOHN F KENNEDY DR","UNNAMED #133","KEZAR DR","CLASS IV","2W",,"SAFE-HIT POSTS",,"W","1","0","0","John F Kennedy Dr","0.02189261","330",,"2,021","1","2006",,"SEPARATED BIKEWAY","0","NO","NO","NO","NO","NO","YES","LINESTRING (-122.454932132 37.771071719, -122.455289746 37.770929661)","3"
"12167","8042000","LAKE MERCED BLVD","SKYLINE BLVD","BERKSHIRE WY","CLASS IV","2W",,"CONCRETE; SAFE-HIT POSTS",,"E","1","0","0","Lake Merced Blvd","0.06168489","885","3",,,"2024",,"SEPARATED BIKEWAY","0","NO","NO","NO","NO","NO","NO","LINESTRING (-122.499058976 37.731576071, -122.498229795 37.731376239, -122.498001637 37.731277833)","3"
"1614","4219000","CLIPPER ST","HIGH ST","CLIPPER ST","CLASS IV","2W",,"SAFE-HIT POSTS",,"E","1","0","0","Clipper St","0.06717777","60",,"2,020","2","2009",,"SEPARATED BIKEWAY","0","NO","NO","NO","NO","NO","NO","LINESTRING (-122.443161821 37.747504352, -122.443960753 37.746765217)","3"
"2917","7167000","ILLINOIS ST","18TH ST","19TH ST","CLASS IV","2W",,"SAFE-HIT POSTS",,"N","0","0","0","Illinois St","0.08851557","5","6","2,021","1","2011",,"SEPARATED BIKEWAY","0","NO","NO","NO","NO","NO","NO","LINESTRING (-122.387794796 37.763107217, -122.387690005 37.761826479)","3"
"68","10550000","POLK ST","MC ALLISTER ST","REDWOOD ST","CLASS IV","2W","GREEN PAINT","SAFE-HIT POSTS",,"N","0","0","0","Polk St","0.03589473","25",,"2,019","5","2003",,"SEPARATED BIKEWAY","0","NO","NO","NO","NO","NO","YES","LINESTRING (-122.418598509 37.780260133, -122.418708904 37.780773161)","3"
"821","381000","7TH ST","HOOPER ST","IRWIN ST","CLASS IV","2W",,"SAFE-HIT POSTS",,"N","0","0","0","7th St","0.05871669","23",,"2,019","7","2001",,"SEPARATED BIKEWAY","0","NO","NO","NO","NO","NO","YES","LINESTRING (-122.398179218 37.769041378, -122.397422411 37.768438135)","3"
"2122","789000","17TH ST","FLORIDA ST","ALABAMA ST","CLASS IV","2W",,"SAFE-HIT POSTS",,"W","0","0","0","17th St","0.05288974","40",,"2,018","5","2012",,"SEPARATED BIKEWAY","0","NO","NO","NO","NO","NO","YES","LINESTRING (-122.41133018 37.764251587, -122.412293396 37.764193376)","3"
"3485","6749000","HARRISON ST","18TH ST","19TH ST","CLASS IV","2W",,"SAFE-HIT POSTS",,"N","0","0","0","Harrison St","0.06706188","33",,"2,025","5","1986",,"SEPARATED BIKEWAY","0","YES","NO","NO","NO","NO","NO","LINESTRING (-122.412779774 37.761598494, -122.412681386 37.760629268)","0"
"5084","777000","17TH ST","WISCONSIN ST","ARKANSAS ST","CLASS IV","2W","GREEN PAINT","PARKING; SAFE-HIT POSTS",,"W","1","2,017","3","17th St","0.05265283","0","3","2,024","6","2017",,"SEPARATED BIKEWAY","0","NO","NO","NO","NO","NO","NO","LINESTRING (-122.398703366 37.765013942, -122.399662287 37.764956094)","3"
"830","378000","7TH ST","KING ST","BERRY ST","CLASS IV","2W",,"SAFE-HIT POSTS",,"S","1","0","0","7th St","0.06061815","2",,"2,019","7","2002",,"SEPARATED BIKEWAY","0","NO","NO","NO","NO","NO","YES","LINESTRING (-122.400804277 37.771137788, -122.400022816 37.770515108)","3"
"1529","2754000","BATTERY ST","CALIFORNIA ST","HALLECK ST","CLASS IV","1W",,"SAFE-HIT POSTS",,"S","0","0","0","Battery St","0.03385481","11",,"2,023","1","2010",,"SEPARATED BIKEWAY","0","NO","NO","NO","NO","NO","NO","LINESTRING (-122.399958736 37.793209102, -122.40005826 37.793693588)","3"
"933","8755101","MARKET ST","VAN NESS AV","12TH ST","CLASS IV","2W","GREEN PAINT","SAFE-HIT POSTS",,"E","1","0","0","Market St","0.07710659","2",,"2,017","4","2005",,"SEPARATED BIKEWAY","0","NO","NO","NO","NO","NO","YES","LINESTRING (-122.419255606 37.775147074, -122.420254279 37.774358675)","3"
"10562","19985000","4TH ST","MISSION BAY BLVD","MISSION BAY BLVD","CLASS IV","2W",,"SAFE-HIT POSTS",,"N","0",,,"4th St","0.031347",,,"2,021","11","2011",,"SEPARATED BIKEWAY","0","NO","NO","NO","NO","NO","NO","LINESTRING (-122.391199349 37.771009192, -122.391156018 37.770555976)","0"
"11201","3419000","BUSH ST","BATTERY ST","MARKET ST","CLASS IV","1W",,"SAFE-HIT POSTS",,"N","0","0","0","Battery St","0.03271847","11","1",,,"2023",,"SEPARATED BIKEWAY","0","NO","NO","YES","NO","NO","NO","LINESTRING (-122.399148599 37.791016649, -122.399494165 37.791324916, -122.39957203 37.791326533)","3"
"65","10554000","POLK ST","TURK ST","EDDY ST","CLASS IV","2W","GREEN PAINT; GREEN-BACKED SHARROWS","SAFE-HIT POSTS",,"N","0","0","0","Polk St","0.06510905","25",,"2,019","5","2006",,"SEPARATED BIKEWAY","1","NO","NO","NO","NO","NO","YES","LINESTRING (-122.418993273 37.782169271, -122.419181704 37.7831014)","3"
"950","11439102","SAN JOSE AVE","SAINT MARYS AV","MILTON ST","CLASS IV","2W","GREEN-BACKED SHARROWS","SAFE-HIT POSTS",,"E","0","0","0","San Jose Ave","0.07553181","5",,"2,014",,"2010",,"SEPARATED BIKEWAY","1","NO","NO","NO","NO","NO","YES","LINESTRING (-122.428436981 37.734950949, -122.429566945 37.734323179)","3"
"1111","13068000","VALENCIA ST","LIBERTY ST","21ST ST","CLASS IV","2W","GREEN PAINT","PARKING; SAFE-HIT POSTS","CR implemented 8/2023; SR implemented 5/2025","S","1","0","0","Valencia St","0.05529129","45",,"2,025","5","2002",,"SEPARATED BIKEWAY","0","NO","NO","NO","YES","NO","NO","LINESTRING (-122.421193865 37.757701417, -122.42111754 37.75690201)","3"
"1405","2805000","BAYSHORE BLVD","SILVER AV","THORNTON AV","CLASS IV","2W",,"SAFE-HIT POSTS",,"S","0","0","0","Bayshore Blvd","0.17235546","25",,"0",,"2014",,"SEPARATED BIKEWAY","0","NO","NO","NO","NO","NO","YES","LINESTRING (-122.404657097 37.732948782, -122.403961731 37.731610334, -122.403400462 37.730658352)","3"
"7685","12552101","THE EMBARCADERO","HOWARD ST","MISSION ST","CLASS IV","2W","GREEN PAINT","SAFE-HIT POSTS",,"S","0",,,"The Embarcadero","0.1196433",,,"2,020","8","2001",,"SEPARATED BIKEWAY","0","NO","NO","NO","NO","NO","NO","LINESTRING (-122.391086535 37.792445, -122.39249933 37.793768814)","3"
"7690","2864000","BEALE ST","MISSION ST","HOWARD ST","CLASS IV","1W",,"PARKING; SAFE-HIT POSTS",,"N","0",,,"Beale St","0.11930897",,"12",,,"2020",,"SEPARATED BIKEWAY","0","NO","NO","YES","NO","NO","NO","LINESTRING (-122.395813422 37.791152808, -122.394276228 37.789926231)","3"
"4598","183000","3RD ST","CHANNEL ST","TERRY FRANCOIS ST","CLASS IV","2W",,"SAFE-HIT POSTS",,"N","0","0","0","3rd St","0.03173357","5",,"2,020","7","2010",,"SEPARATED BIKEWAY","1","NO","NO","NO","NO","NO","NO","LINESTRING (-122.390214567 37.776723442, -122.390048511 37.776499855, -122.39002504 37.776300145)","3"
"4018","4844000","DIVISION ST","9TH ST","UTAH ST","CLASS IV","2W","GREEN PAINT","PARKING",,"E","0","0","0","Division St","0.03899667","36",,"2,016","12","2010",,"SEPARATED BIKEWAY","0","NO","NO","NO","NO","NO","NO","LINESTRING (-122.406213363 37.769462546, -122.40639775 37.769370987, -122.406724693 37.769306937, -122.4068824 37.769298558)","3"
"2537","301000","5TH ST","CLARA ST","HARRISON ST","CLASS IV","2W","GREEN-BACKED SHARROWS","SAFE-HIT POSTS",,"S","1","0","0","5th St","0.04148162","61",,"2,020","3","2009",,"SEPARATED BIKEWAY","1","NO","NO","NO","NO","NO","YES","LINESTRING (-122.402377492 37.779458716, -122.401843274 37.779032133)","3"
"1019","2753000","BATTERY ST","PINE ST","CALIFORNIA ST","CLASS IV","1W",,"SAFE-HIT POSTS",,"S","0","0","0","Battery St","0.0664645","11",,"2,023","1","2010",,"SEPARATED BIKEWAY","0","NO","NO","NO","NO","NO","NO","LINESTRING (-122.399763353 37.792257948, -122.399958736 37.793209102)","3"
"838","377000","7TH ST","TOWNSEND ST","KING ST","CLASS IV","2W",,"SAFE-HIT POSTS",,"S","1","0","0","7th St","0.06612726","23",,"2,019","7","2006",,"SEPARATED BIKEWAY","0","NO","NO","NO","NO","NO","YES","LINESTRING (-122.401656681 37.771817126, -122.400804277 37.771137788)","3"
"2879","779000","17TH ST","DE HARO ST","CAROLINA ST","CLASS IV","2W",,"SAFE-HIT POSTS",,"E","0","2,017","3","17th St","0.05302406","0","3","2,024","6","2017",,"SEPARATED BIKEWAY","0","NO","NO","NO","NO","NO","NO","LINESTRING (-122.40063332 37.764897507, -122.401598999 37.764839237)","3"
"1172","411000","8TH ST","CLEMENTINA ST","FOLSOM ST","CLASS IV","1W","GREEN PAINT","PARKING; SAFE-HIT POSTS",,"S","0","2,017","4","8th St","0.04250103","30",,"2,017","5","1999",,"SEPARATED BIKEWAY","0","NO","NO","NO","NO","NO","YES","LINESTRING (-122.410610729 37.775428353, -122.410062771 37.774991793)","3"
"3960","289000","5TH ST","MARKET ST","STEVENSON ST","CLASS IV","2W",,"SAFE-HIT POSTS",,"S","1","0","0","5th St","0.04515165","61",,"2,020","3","2009",,"SEPARATED BIKEWAY","0","NO","NO","NO","NO","NO","YES","LINESTRING (-122.408066546 37.783991487, -122.407482812 37.783528918)","3"
"8010","5652000","FOLSOM ST","MAIN ST","BEALE ST","CLASS IV","2W","GREEN PAINT","PARKING; SAFE-HIT POSTS",,"W","0","0","0","Folsom St","0.06674883","30",,"2,020","12","2003",,"SEPARATED BIKEWAY","0","NO","NO","NO","NO","NO","NO","LINESTRING (-122.391858291 37.789369268, -122.392722834 37.788686662)","3"
"134","12665000","TOWNSEND ST","6TH ST","7TH ST","CLASS IV","2W","GREEN PAINT","PARKING; SAFE-HIT POSTS",,"W","0","0","0","Townsend St","0.17172707","23",,"2,018","12","2010",,"SEPARATED BIKEWAY","0","NO","NO","NO","NO","NO","YES","LINESTRING (-122.399433131 37.773573456, -122.401656681 37.771817126)","3"
"3392","7050000","HOWARD ST","SUMNER ST","8TH ST","CLASS IV","1W","GREEN PAINT","PARKING; SAFE-HIT POSTS",,"W","0","0","0","Howard St","0.04575014","23",,"2,018","12","2006",,"SEPARATED BIKEWAY","0","NO","NO","NO","NO","NO","N/A","LINESTRING (-122.411014418 37.776689833, -122.411606113 37.776221356)","3"
"118","8762101","MARKET ST","DUBOCE AV","DOLORES ST","CLASS IV","2W","GREEN PAINT","SAFE-HIT POSTS",,"E","1","0","0","Market St","0.04970996","45",,"2,019","5","2000",,"SEPARATED BIKEWAY","0","NO","NO","NO","NO","NO","YES","LINESTRING (-122.426309438 37.769602597, -122.426928646 37.769075429)","3"
"116","13054000","VALENCIA ST","DUBOCE AV","CLINTON PARK","CLASS IV","2W","GREEN PAINT","SAFE-HIT POSTS",,"N","1","0","0","Valencia St","0.04080921","40",,"2,019","8","2000",,"SEPARATED BIKEWAY","0","NO","NO","NO","NO","NO","YES","LINESTRING (-122.422364819 37.769867698, -122.422308302 37.769277686)","3"
"1379","13062000","VALENCIA ST","CLARION AL","SYCAMORE ST","CLASS IV","2W","GREEN PAINT","PARKING; SAFE-HIT POSTS","CR implemented 8/2023; SR implemented 5/2025","N","0","0","0","Valencia St","0.02337715","45",,"2,025","5","1999",,"SEPARATED BIKEWAY","0","NO","NO","NO","YES","NO","N/A","LINESTRING (-122.421694847 37.762916815, -122.421662477 37.762578832)","3"
"159","7198000","INDIANA ST","23RD ST","25TH ST","CLASS IV","2W","GREEN PAINT","SAFE-HIT POSTS",,"N","0","0","0","Indiana St","0.17728525","7",,"2,019",,"2010",,"SEPARATED BIKEWAY","1","NO","NO","NO","NO","NO","YES","LINESTRING (-122.390921943 37.755213903, -122.390771079 37.753604363, -122.39068451 37.753450285, -122.390664067 37.753126328, -122.390682856 37.752663074)","3"
"136","13057002","VALENCIA ST","ROSA PARKS LN","15TH ST","CLASS IV","2W","GREEN PAINT","PARKING; SAFE-HIT POSTS",,"N","0","0","0","Valencia St","0.06456152","45",,"2,019","5","1999",,"SEPARATED BIKEWAY","0","NO","NO","NO","NO","NO","YES","LINESTRING (-122.422134435 37.767472922, -122.422043812 37.766539577)","3"
"3344","7505000","JERROLD AVE","JERROLD AVE","BAY SHORE BLVD","CLASS IV","2W","GREEN PAINT","SAFE-HIT POSTS",,"N","0",,,"Jerrold Ave","0.0456156","25",,"2,018","6","2005",,"SEPARATED BIKEWAY","0","NO","NO","NO","NO","NO","NO","LINESTRING (-122.403247988 37.747156198, -122.403265895 37.74728953, -122.40356101 37.747761921)","3"
"1850","5451000","FELL ST","DIVISADERO ST","BRODERICK ST","CLASS IV","1W","GREEN PAINT","CONCRETE; SAFE-HIT POSTS",,"W","0","0","0","Fell St","0.09240509","30",,"2,017","1","2003",,"SEPARATED BIKEWAY","1","NO","NO","NO","NO","NO","YES","LINESTRING (-122.437610624 37.774061647, -122.439276798 37.77384712)","3"
"3807","5676000","FOLSOM ST","RAUSCH ST","RODGERS ST","CLASS IV","1W","GREEN PAINT","PARKING; SAFE-HIT POSTS",,"E","0","2,014","0","Folsom St","0.04130081","30",,"2,018","1","2005",,"SEPARATED BIKEWAY","0","NO","NO","NO","NO","NO","YES","LINESTRING (-122.408946745 37.775873445, -122.409481488 37.775451005)","3"
"2567","302000","5TH ST","HARRISON ST","PERRY ST","CLASS IV","2W",,"SAFE-HIT POSTS",,"N","0","0","0","5th St","0.04122806","61",,"2,020","3","2009",,"SEPARATED BIKEWAY","0","NO","NO","NO","NO","NO","YES","LINESTRING (-122.401843274 37.779032133, -122.401312102 37.778608333)","3"
"5126","5336000","EVANS AVE","QUINT ST","RANKIN ST","CLASS IV","2W",,"SAFE-HIT POSTS",,"E","1",,,"Evans Ave","0.12493469","68",,"2,022","10","2006",,"SEPARATED BIKEWAY","0","NO","NO","NO","NO","NO","NO","LINESTRING (-122.390327941 37.744045929, -122.39218234 37.745100998)","3"
"4302","2477000","CESAR CHAVEZ ST","EVANS AV","KANSAS ST","CLASS IV","2W","GREEN PAINT","SAFE-HIT POSTS",,"E","1","0","0","Cesar Chavez St","0.26230783","55",,"0",,"2012",,"SEPARATED BIKEWAY","0","NO","NO","NO","NO","NO","YES","LINESTRING (-122.397285416 37.749684623, -122.402061635 37.749396679)","3"
"4514","773000","17TH ST","TEXAS ST","MISSISSIPPI ST","CLASS IV","2W","GREEN PAINT","SAFE-HIT POSTS",,"E","0","2,017","3","17th St","0.05370108","0","3","2,024","6","2017",,"SEPARATED BIKEWAY","0","NO","NO","NO","NO","NO","NO","LINESTRING (-122.39482876 37.7652476, -122.395806778 37.765188633)","3"
"14096","184002","03RD ST","TONI STONE XING","03RD ST","CLASS IV","2W","GREEN PAINT","CONCRETE",,"N",,,,,"0.06577659",,"3",,,"2024",,"SEPARATED BIKEWAY","0","NO","YES","NO","NO","NO","NO","LINESTRING (-122.39002504 37.776300145, -122.389937999 37.775348914)","3"
"1065","782000","17TH ST","KANSAS ST","VERMONT ST","CLASS IV","2W",,"SAFE-HIT POSTS",,"W","0","0","0","17th St","0.0532584","40",,"2,018","5","2011",,"SEPARATED BIKEWAY","0","NO","NO","NO","NO","NO","YES","LINESTRING (-122.403527035 37.764722871, -122.404496977 37.764664317)","3"
"11215","2762000","BATTERY ST","PACFIC AVE","BROADWAY","CLASS IV","1W",,"SAFE-HIT POSTS",,"N",,,,"Battery St","0.06468249",,"1",,,"2023",,"SEPARATED BIKEWAY","0","NO","NO","YES","NO","NO","NO","LINESTRING (-122.400876382 37.79765914, -122.401064499 37.798585054)","3"
"69","10567000","POLK ST","BUSH ST","FRANK NORRIS ST","CLASS IV","2W","GREEN PAINT","SAFE-HIT POSTS",,"N","0","0","0","Polk St","0.03255465","25",,"2,019","5","2004",,"SEPARATED BIKEWAY","0","NO","NO","NO","NO","NO","YES","LINESTRING (-122.420306883 37.788699046, -122.420401246 37.789165094)","3"
"3107","300003","5TH ST","SCOTT ALY","CLARA ST","CLASS IV","2W",,"SAFE-HIT POSTS",,"S","0","0","0","5th St","0.01100071","61",,"2,020","3","2009",,"SEPARATED BIKEWAY","0","NO","NO","NO","NO","NO","YES","LINESTRING (-122.402519165 37.779571843, -122.402377492 37.779458716)","3"
"3740","298000","5TH ST","CLEMENTINA ST","FOLSOM ST","CLASS IV","2W","GREEN-BACKED SHARROWS","SAFE-HIT POSTS",,"N","0","0","0","5th St","0.04182864","61",,"2,020","3","2009",,"SEPARATED BIKEWAY","1","NO","NO","NO","NO","NO","YES","LINESTRING (-122.403920882 37.78069905, -122.403387209 37.780264972)","3"
"4993","10660000","POTRERO AVE","15TH ST","16TH ST","CLASS IV","2W","GREEN PAINT","CONCRETE","Transit Boarding Island","N","1","0","0","Potrero Ave","0.08994683","25",,"2,017","9","2011",,"SEPARATED BIKEWAY","0","NO","NO","NO","NO","NO","NO","LINESTRING (-122.407534229 37.765783299, -122.407685034 37.767081982)","3"
"63","10555000","POLK ST","EDDY ST","WILLOW ST","CLASS IV","2W","GREEN PAINT","SAFE-HIT POSTS",,"N","0","0","0","Polk St","0.03255507","25",,"2,019","5","2000",,"SEPARATED BIKEWAY","0","NO","NO","NO","NO","NO","YES","LINESTRING (-122.419181704 37.7831014, -122.419273432 37.783567785)","3"
"4690","4844000","DIVISION ST","9TH ST","UTAH ST","CLASS IV","2W","GREEN PAINT","PARKING",,"W","1","0","0","Division St","0.03899667","36",,"2,016","12","2010",,"SEPARATED BIKEWAY","0","NO","NO","NO","NO","NO","NO","LINESTRING (-122.406213363 37.769462546, -122.40639775 37.769370987, -122.406724693 37.769306937, -122.4068824 37.769298558)","3"
"204","12551102","THE EMBARCADERO","FOLSOM ST","HOWARD ST","CLASS IV","2W",,"CONCRETE",,"N","1","0","0","The Embarcadero","0.12776857","5",,"2,020","11","2000",,"SEPARATED BIKEWAY","0","NO","NO","NO","NO","NO","NO","LINESTRING (-122.390013178 37.790826904, -122.390355402 37.791115567, -122.39070889 37.791601537, -122.391086535 37.792445)","3"
"12495","8054101","LAKE MERCED BLVD","UNNAMED #129","JOHN MUIR DR","CLASS IV","2W",,"CONCRETE; SAFE-HIT POSTS",,"N","1","0","0","Lake Merced Blvd","0.08836313","885","1","2,026","1","2025",,"SEPARATED BIKEWAY","0","NO","NO","NO","NO","NO","NO","LINESTRING (-122.485136377 37.709238075, -122.485149072 37.708833704, -122.48535948 37.708582319, -122.485510692 37.708382964, -122.485723865 37.70808573)","3"
"4311","2476000","CESAR CHAVEZ ST","CONNECTICUT ST","EVANS AV","CLASS IV","2W","GREEN PAINT","SAFE-HIT POSTS",,"W","0","0","0","Cesar Chavez St","0.0555713","60",,"0",,"2012",,"SEPARATED BIKEWAY","0","NO","NO","NO","NO","NO","YES","LINESTRING (-122.396273544 37.7497456, -122.397285416 37.749684623)","3"
"4985","2802101","BAYSHORE BLVD","INDUSTRIAL ST","HELENA ST","CLASS IV","2W",,"SAFE-HIT POSTS",,"S","0","0","0","Bayshore Blvd","0.11485607","25",,"0",,"2012",,"SEPARATED BIKEWAY","0","NO","NO","NO","NO","NO","YES","LINESTRING (-122.406910504 37.737965867, -122.406703836 37.736308604)","3"
"4887","2158201","ALEMANY BLVD","ROUSSEAU ST","CONGDON ST","CLASS IV","2W",,"SAFE-HIT POSTS",,"E","0","0","0","Alemany Blvd","0.19254125","45",,"0",,"2011",,"SEPARATED BIKEWAY","0","NO","NO","NO","NO","NO","N/A","LINESTRING (-122.429570698 37.731039888, -122.428372053 37.731386259, -122.428163628 37.731417366, -122.427974096 37.731408598, -122.427524496 37.731360562, -122.426161767 37.731168532)","3"
"2542","776000","17TH ST","ARKANSAS ST","CONNECTICUT ST","CLASS IV","2W",,"SAFE-HIT POSTS",,"W","1","2,017","3","17th St","0.05304051","0","3","2,024","6","2017",,"SEPARATED BIKEWAY","0","NO","NO","NO","NO","NO","NO","LINESTRING (-122.397737383 37.765072208, -122.398703366 37.765013942)","3"
"726","8753201","MARKET ST","LARKIN ST","POLK ST","CLASS IV","2W","GREEN PAINT","SAFE-HIT POSTS",,,"1","0","0","Market St","0.09330127","50",,"2,011","5","2002",,"SEPARATED BIKEWAY","0","NO","NO","NO","NO","NO","N/A","LINESTRING (-122.416291702 37.777493842, -122.417501462 37.776540894)","3"
"3503","6263000","GOLDEN GATE AVE","LARKIN ST","HYDE ST","CLASS IV","1W",,"SAFE-HIT POSTS",,"E",,"0","0","Golden Gate Ave","0.0909199","0","6","2,021","5","2016",,"SEPARATED BIKEWAY","1","NO","NO","NO","NO","NO","NO","LINESTRING (-122.415505178 37.781654261, -122.417145612 37.781447495)","0"
"1933","300001","5TH ST","SHIPLEY ST","JENNIFER PL","CLASS IV","2W",,"SAFE-HIT POSTS",,"N","1","0","0","5th St","0.01060504","61",,"2,020","3","2009",,"SEPARATED BIKEWAY","0","NO","NO","NO","NO","NO","YES","LINESTRING (-122.402840617 37.779828524, -122.402704039 37.779719466)","3"
"4381","2804000","BAYSHORE BLVD","AUGUSTA ST","SILVER AV","CLASS IV","2W","GREEN PAINT","SAFE-HIT POSTS",,"S","1","0","0","Bayshore Blvd","0.10314806","905",,"0",,"2012",,"SEPARATED BIKEWAY","0","NO","NO","NO","NO","NO","YES","LINESTRING (-122.405494571 37.734287051, -122.405096043 37.733716127, -122.404657097 37.732948782)","3"
"2130","13068000","VALENCIA ST","LIBERTY ST","21ST ST","CLASS IV","2W","GREEN PAINT","PARKING; SAFE-HIT POSTS","CR implemented 8/2023; SR implemented 5/2025","N","0","0","0","Valencia St","0.05529129","45",,"2,025","5","2002",,"SEPARATED BIKEWAY","0","NO","NO","NO","YES","NO","NO","LINESTRING (-122.421193865 37.757701417, -122.42111754 37.75690201)","3"
"11214","2763000","BATTERY ST","BROADWAY","VALLEJO ST","CLASS IV","1W",,"SAFE-HIT POSTS",,"N",,,,"Battery St","0.06642497",,"1",,,"2023",,"SEPARATED BIKEWAY","0","NO","NO","YES","NO","NO","NO","LINESTRING (-122.401064499 37.798585054, -122.401253448 37.799536447)","3"
"11203","2753000","BATTERY ST","PINE ST","CALIFORNIA ST","CLASS IV","1W",,"SAFE-HIT POSTS",,"N","0","0","0","Battery St","0.0664645","11",,"2,023","1","2010",,"SEPARATED BIKEWAY","0","NO","NO","YES","NO","NO","NO","LINESTRING (-122.399763353 37.792257948, -122.399958736 37.793209102)","3"
"106","13053000","VALENCIA ST","MC COPPIN ST","DUBOCE AV","CLASS IV","2W","GREEN PAINT; GREEN-BACKED SHARROWS","PARKING; SAFE-HIT POSTS",,"N","0","0","0","Valencia St","0.11946283","40",,"2,019","5","2003",,"SEPARATED BIKEWAY","1","NO","NO","NO","NO","NO","YES","LINESTRING (-122.422526343 37.771595103, -122.422364819 37.769867698)","3"
"4363","4843000","DIVISION ST","SAN BRUNO AV","9TH ST","CLASS IV","2W","GREEN PAINT","PARKING",,"W","1","0","0","Division St","0.02022069","25",,"2,016","12","2000",,"SEPARATED BIKEWAY","0","NO","NO","NO","NO","NO","NO","LINESTRING (-122.405939204 37.76965901, -122.406213363 37.769462546)","3"
"932","8757101","MARKET ST","FRANKLIN ST","ROSE ST","CLASS IV","2W","GREEN PAINT","SAFE-HIT POSTS",,"E",,,,"Market St","0.04517588","50",,"2,015","11","2000",,"SEPARATED BIKEWAY","0","NO","YES","NO","NO","NO","YES","LINESTRING (-122.420698773 37.774007806, -122.42072387 37.77392283, -122.421232156 37.77352338)","3"
"1312","9696000","NORTH POINT ST","LARKIN ST","POLK ST","CLASS IV","2W","GREEN PAINT","CONCRETE","Transit Boarding Island","E","1","0","0","North Point St","0.09134547","16",,"2,017","12","2010",,"SEPARATED BIKEWAY","0","NO","NO","NO","NO","NO","YES","LINESTRING (-122.422006821 37.805496648, -122.423655075 37.805286985)","3"
"2270","10544000","POINT LOBOS AVE","MERRIE WY","GREAT HWY","CLASS IV","2W",,"SAFE-HIT POSTS",,"N","0","0","0","Point Lobos Ave","0.30388438","95",,"0",,"2013",,"SEPARATED BIKEWAY","0","NO","NO","NO","NO","NO","YES","LINESTRING (-122.51142414 37.779409664, -122.511694997 37.779264784, -122.511846539 37.779186116, -122.512075427 37.779101959, -122.512286921 37.779054576, -122.512508337 37.779034122, -122.512660683 37.779033606, -122.512851439 37.77904494, -122.513020682 37.779037881, -122.513181793 37.779021581, -122.513360325 37.778969548, -122.513491254 37.778905821, -122.51356802 37.778830513, -122.513599201 37.778769531, -122.513616719 37.778688982, -122.513612031 37.778612981, -122.513579902 37.778493674, -122.513349772 37.778047368, -122.513283044 37.77795992, -122.513207577 37.777889295, -122.513109625 37.777812802, -122.513013408 37.777751912, -122.512912716 37.777671297, -122.512796682 37.777557592, -122.512659514 37.777391096, -122.512528107 37.777243261, -122.512426824 37.777140768, -122.512287018 37.777022257, -122.512131573 37.776908183, -122.511938326 37.77675619)","3"
"4424","5658000","FOLSOM ST","ECKER ST","ESSEX ST","CLASS IV","2W","GREEN PAINT","PARKING; SAFE-HIT POSTS",,"E","0","0","0","Folsom St","0.02927676","23",,"2,020","12","2000",,"SEPARATED BIKEWAY","0","NO","NO","NO","NO","NO","NO","LINESTRING (-122.395266295 37.786678345, -122.395645467 37.786378936)","3"
"4276","13066000","VALENCIA ST","CUNNINGHAM PL","20TH ST","CLASS IV","2W","GREEN PAINT","PARKING; SAFE-HIT POSTS","CR implemented 8/2023; SR implemented 5/2025","S","1","0","0","Valencia St","0.06044783","40",,"2,025","5","1999",,"SEPARATED BIKEWAY","0","NO","NO","NO","YES","NO","NO","LINESTRING (-122.421355417 37.759372454, -122.421271729 37.758498508)","3"
"4188","2811000","BAYSHORE BLVD","FITZGERALD AVE","WAYLAND ST","CLASS IV","2W",,"SAFE-HIT POSTS",,"S","1","0","0","Bayshore Blvd","0.01338408","44",,"0",,"2014",,"SEPARATED BIKEWAY","0","NO","NO","NO","NO","NO","YES","LINESTRING (-122.401875118 37.726964759, -122.401822426 37.726775261)","3"
"8027","11365000","SAN BRUNO AVE","ALEMANY BLVD","PERASTO AVE","CLASS IV","2W",,"SAFE-HIT POSTS",,"S",,,,"San Bruno Ave","0.03287264",,"1",,,"2021",,"SEPARATED BIKEWAY","0","NO","NO","NO","NO","NO","NO","LINESTRING (-122.408052784 37.735936987, -122.407669225 37.735570384)","1"
"1394","2756000","BATTERY ST","SACRAMENTO ST","COMMERCIAL ST","CLASS IV","1W",,"SAFE-HIT POSTS",,"S","0","0","0","Battery St","0.03081662","11",,"2,023","1","2010",,"SEPARATED BIKEWAY","0","NO","NO","NO","NO","NO","NO","LINESTRING (-122.400148778 37.794134235, -122.400239374 37.794575242)","3"
"513","306000","5TH ST","BRANNAN ST","BLUXOME ST","CLASS IV","2W",,"PARKING; SAFE-HIT POSTS",,"S","1","0","0","5th St","0.06100925","11",,"2,020","3","2009",,"SEPARATED BIKEWAY","0","NO","NO","NO","NO","NO","YES","LINESTRING (-122.39875545 37.776568382, -122.397969477 37.775941221)","3"
"2300","142000","2ND ST","BRYANT ST","TABER PL","CLASS IV","2W","GREEN PAINT","SAFE-HIT POSTS",,"N","1","0","0","2nd St","0.02492823","11",,"2,021","5","0",,"SEPARATED BIKEWAY","0","NO","YES","NO","NO","NO","NO","LINESTRING (-122.393618075 37.783077854, -122.39329722 37.782821345)","3"
"8015","7036000","HOWARD ST","HAWTHORNE ST","NEW MONTGOMERY ST","CLASS IV","1W","GREEN PAINT","PARKING; SAFE-HIT POSTS",,"W",,,,"Howard St","0.03031586",,,"2,020","12","2005",,"SEPARATED BIKEWAY","0","NO","NO","NO","NO","NO","NO","LINESTRING (-122.398977168 37.786209492, -122.399369534 37.785899248)","3"
"8018","7031000","HOWARD ST","FREMONT ST","BEALE ST","CLASS IV","1W","GREEN PAINT","PARKING; SAFE-HIT POSTS",,"W",,,,"Howard St","0.06757703",,,"2,020","12","2005",,"SEPARATED BIKEWAY","0","NO","NO","NO","NO","NO","NO","LINESTRING (-122.394276228 37.789926231, -122.395150932 37.789234699)","3"
"2967","5663000","FOLSOM ST","MABINI ST","4TH ST","CLASS IV","1W","GREEN PAINT","PARKING; SAFE-HIT POSTS",,"E","0","0","0","Folsom St","0.0606456","30",,"2,021","5","2003",,"SEPARATED BIKEWAY","0","NO","NO","NO","NO","NO","NO","LINESTRING (-122.400374367 37.782644515, -122.401159719 37.782024267)","3"
"1189","7210001","INDUSTRIAL ST","I-280 CONNECTOR","101 SOUTH ON-RAMP","CLASS IV","2W",,"SAFE-HIT POSTS",,"W","0","0","0","Industrial St","0.06058617","45",,"2,021","1","2005",,"SEPARATED BIKEWAY","0","NO","NO","NO","NO","NO","NO","LINESTRING (-122.408124579 37.737657378, -122.408464627 37.737489106, -122.408684497 37.73723393, -122.408789648 37.736997132)","3"
"521","7048000","HOWARD ST","LANGTON ST","RAUSCH ST","CLASS IV","1W","GREEN PAINT","PARKING; SAFE-HIT POSTS",,"W","0","0","0","Howard St","0.04506367","30",,"2,018","12","2002",,"SEPARATED BIKEWAY","0","NO","NO","NO","NO","NO","N/A","LINESTRING (-122.40992265 37.77755341, -122.410505753 37.777092185)","3"
"3150","10548000","POLK ST","LECH WALESA ST","GROVE ST","CLASS IV","1W","GREEN PAINT","SAFE-HIT POSTS",,"S","1","2,014","4","Polk St","0.03607967","95",,"2,021","11","2002",,"SEPARATED BIKEWAY","0","NO","NO","NO","NO","NO","YES","LINESTRING (-122.418138569 37.777970664, -122.418226582 37.778489117)","3"
"3304","6261000","GOLDEN GATE AVE","CONTINUUM ALY","LEAVENWORTH ST","CLASS IV","1W",,"PARKING; SAFE-HIT POSTS",,"E",,"0","0","Golden Gate Ave","0.0453239","0","6","2,021","5","2016",,"SEPARATED BIKEWAY","0","NO","NO","NO","NO","NO","NO","LINESTRING (-122.413865603 37.781863339, -122.414683132 37.781759092)","0"
"831","130000","2ND ST","STEVENSON ST","JESSIE ST","CLASS IV","2W","GREEN PAINT","CONCRETE; SAFE-HIT POSTS",,"S","1","0","0","2nd St","0.03633685","11",,"2,019","4","0",,"SEPARATED BIKEWAY","0","NO","YES","NO","NO","NO","NO","LINESTRING (-122.400812303 37.788815497, -122.40034385 37.788442163)","3"
"825","136000","2ND ST","TEHAMA ST","CLEMENTINA ST","CLASS IV","2W","GREEN PAINT","SAFE-HIT POSTS",,"S","0","0","0","2nd St","0.0364612","11",,"2,019","4","0",,"SEPARATED BIKEWAY","0","NO","YES","NO","NO","NO","NO","LINESTRING (-122.397704485 37.786338615, -122.39723446 37.785963991)","3"
"418","6260000","GOLDEN GATE AVE","LEAVENWORTH ST","JONES ST","CLASS IV","1W","GREEN PAINT","PARKING; SAFE-HIT POSTS",,"E",,"0","0","Golden Gate Ave","0.09119125","0","6","2,021","5","2016",,"SEPARATED BIKEWAY","1","NO","NO","NO","NO","NO","NO","LINESTRING (-122.412220736 37.782073068, -122.413865603 37.781863339)","0"
"7688","12551102","THE EMBARCADERO","FOLSOM ST","HOWARD ST","CLASS IV","2W",,"CONCRETE",,"S","0","0","0","The Embarcadero","0.12776857","5",,"2,020","11","2000",,"SEPARATED BIKEWAY","0","NO","NO","YES","NO","NO","NO","LINESTRING (-122.390013178 37.790826904, -122.390355402 37.791115567, -122.39070889 37.791601537, -122.391086535 37.792445)","3"
"823","134000","2ND ST","NATOMA ST","HOWARD ST","CLASS IV","2W","GREEN PAINT","SAFE-HIT POSTS",,"S","0","0","0","2nd St","0.04131725","19",,"2,019","4","0",,"SEPARATED BIKEWAY","0","NO","YES","NO","NO","NO","NO","LINESTRING (-122.3987896 37.787203463, -122.398256963 37.78677895)","3"
"4350","7988201","LAGUNA HONDA BLVD","7TH AV","CLARENDON AV","CLASS IV","2W",,"SAFE-HIT POSTS",,"N","0","0","0","Laguna Honda Blvd","0.27532923","65",,"2,017","6","1997",,"SEPARATED BIKEWAY","0","NO","NO","NO","NO","NO","NO","LINESTRING (-122.463627291 37.754788065, -122.463685561 37.754595347, -122.463802799 37.754145106, -122.463804487 37.753811246, -122.463742127 37.753610795, -122.463611268 37.753318489, -122.463365458 37.752994714, -122.46314165 37.752764761, -122.462752573 37.75247437, -122.462442081 37.752202938, -122.462149909 37.751885895, -122.461832767 37.751646762, -122.46161687 37.751545438, -122.461523603 37.751503561)","3"
"3942","785000","17TH ST","UTAH ST","POTRERO AVE","CLASS IV","2W",,"SAFE-HIT POSTS",,"E","1","0","0","17th St","0.05439202","40",,"2,024","6","2011",,"SEPARATED BIKEWAY","0","NO","NO","NO","NO","NO","YES","LINESTRING (-122.406429155 37.764547654, -122.407419738 37.76448783)","3"
"12171","8044000","LAKE MERCED BLVD","BERKSHIRE WY","SUNSET BLVD","CLASS IV","2W",,"CONCRETE; SAFE-HIT POSTS",,"E","1","0","0","Lake Merced Blvd","0.35523942","885","3",,,"2024",,"SEPARATED BIKEWAY","0","NO","NO","YES","NO","NO","NO","LINESTRING (-122.498001637 37.731277833, -122.498060255 37.731164586, -122.497870693 37.730730211, -122.497353647 37.72966838, -122.497232897 37.729489768, -122.497017439 37.729302534, -122.496699149 37.729123861, -122.496357484 37.729034208, -122.496034819 37.729012405, -122.49568823 37.729059182, -122.493469933 37.729596664)","3"
"7362","5459000","FELL ST","COLE ST","SHRADER ST","CLASS IV","1W",,"PARKING; SAFE-HIT POSTS",,"W","0","2,020",,"Fell St","0.09142538",,"8",,,"2020",,"SEPARATED BIKEWAY","0","NO","NO","NO","NO","NO","NO","LINESTRING (-122.450786708 37.772367664, -122.452242161 37.772180566, -122.452437462 37.772189173)","3"
"408","290000","5TH ST","STEVENSON ST","JESSIE ST","CLASS IV","2W",,"SAFE-HIT POSTS",,"N","0","0","0","5th St","0.0230955","61",,"2,020","3","2009",,"SEPARATED BIKEWAY","0","NO","NO","NO","NO","NO","YES","LINESTRING (-122.407482812 37.783528918, -122.407184628 37.783291992)","3"
"12170","8044000","LAKE MERCED BLVD","BERKSHIRE WY","SUNSET BLVD","CLASS IV","2W",,"CONCRETE; SAFE-HIT POSTS",,"W","0","0","0","Lake Merced Blvd","0.35523942","885","3",,,"2024",,"SEPARATED BIKEWAY","0","NO","NO","NO","NO","NO","NO","LINESTRING (-122.498001637 37.731277833, -122.498060255 37.731164586, -122.497870693 37.730730211, -122.497353647 37.72966838, -122.497232897 37.729489768, -122.497017439 37.729302534, -122.496699149 37.729123861, -122.496357484 37.729034208, -122.496034819 37.729012405, -122.49568823 37.729059182, -122.493469933 37.729596664)","3"
"2802","408000","8TH ST","NATOMA ST","HOWARD ST","CLASS IV","1W","GREEN PAINT","SAFE-HIT POSTS",,"S","0","2,017","4","8th St","0.04280075","23",,"2,017","5","2003",,"SEPARATED BIKEWAY","1","NO","NO","NO","NO","NO","YES","LINESTRING (-122.412157954 37.776660987, -122.411606113 37.776221356)","3"
"138","13052201","VALENCIA ST","MARKET ST","MC COPPIN ST","CLASS IV","2W","GREEN PAINT","SAFE-HIT POSTS",,"N","1",,,"Valencia St","0.06371358","50",,"2,019","5","2003",,"SEPARATED BIKEWAY","0","NO","NO","NO","NO","NO","YES","LINESTRING (-122.42261969 37.772502818, -122.422542351 37.772314558, -122.422484618 37.771711871, -122.422526343 37.771595103)","3"
"880","369000","7TH ST","MINNA ST","NATOMA ST","CLASS IV","1W","GREEN PAINT","PARKING; SAFE-HIT POSTS",,"N","0","2,017","4","7th St","0.03593095","23",,"2,017","5","2003",,"SEPARATED BIKEWAY","0","NO","NO","NO","NO","NO","YES","LINESTRING (-122.410401493 37.778785372, -122.40993824 37.778416283)","3"
"12494","8053101","LAKE MERCED BLVD","LAKE MERCED HILL","UNNAMED #129","CLASS IV","2W",,"CONCRETE; SAFE-HIT POSTS",,"S","1","0","0","Lake Merced Blvd","0.14439364","885","1","2,026","1","2025",,"SEPARATED BIKEWAY","0","NO","NO","NO","NO","NO","NO","LINESTRING (-122.485383501 37.711318668, -122.485332641 37.710318074, -122.48515701 37.70949415, -122.485136377 37.709238075)","3"
"123","3693101","CARGO WAY","ILLINOIS ST","MENDELL ST","CLASS IV","2W",,"CONCRETE; SAFE-HIT POSTS",,"E","1","0","0","Cargo Way","0.19912581","44",,,,"2012",,"SEPARATED BIKEWAY","0","NO","NO","YES","NO","NO","N/A","LINESTRING (-122.38311822 37.743883336, -122.383286538 37.743904904, -122.386098874 37.745512844)","3"
"1783","12674000","TRANSVERSE DR","OVERLOOK DR","JOHN F KENNEDY DR","CLASS IV","2W",,"CONCRETE",,"N","0","0","0","Transverse Dr","0.04879575","75",,"2,023",,"0",,"SEPARATED BIKEWAY","0","NO","NO","NO","NO","NO","NO","LINESTRING (-122.479463554 37.769876967, -122.479895428 37.770495879)","3"
"137","8759101","MARKET ST","VALENCIA ST","OCTAVIA ST","CLASS IV","2W","GREEN PAINT","SAFE-HIT POSTS",,"W","1","0","0","Market St","0.07702949","50",,"2,019","5","2006",,"SEPARATED BIKEWAY","0","NO","NO","NO","NO","NO","YES","LINESTRING (-122.42261969 37.772502818, -122.423619523 37.771716962)","3"
"2353","5680000","FOLSOM ST","DORE ST","10TH ST","CLASS IV","1W","GREEN PAINT","PARKING; SAFE-HIT POSTS",,"E","0","2,014","0","Folsom St","0.04624477","30",,"2,018","1","2000",,"SEPARATED BIKEWAY","0","NO","NO","NO","NO","NO","YES","LINESTRING (-122.412225006 37.773284781, -122.412824226 37.77281216)","3"
"4751","141000","2ND ST","STILLMAN ST","BRYANT ST","CLASS IV","2W","GREEN PAINT","SAFE-HIT POSTS",,"S","0","0","0","2nd St","0.04136652","11",,"2,021","5","0",,"SEPARATED BIKEWAY","0","NO","YES","NO","NO","NO","NO","LINESTRING (-122.394150515 37.783503509, -122.393618075 37.783077854)","3"
"2744","7553000","JOHN MUIR DR","SKYLINE BLVD","LAKE MERCED BLVD","CLASS IV","2W",,"SAFE-HIT POSTS",,"S","0","0","0","John Muir Dr","0.75641227","885",,"0",,"2012",,"SEPARATED BIKEWAY","0","NO","NO","NO","NO","NO","N/A","LINESTRING (-122.494695229 37.715924664, -122.494062317 37.715735778, -122.492963834 37.71524078, -122.492078609 37.714482551, -122.4912541 37.713388284, -122.490568639 37.71287992, -122.489296669 37.712064089, -122.488903857 37.711685825, -122.487803692 37.709419832, -122.487350832 37.708919182, -122.48626142 37.708335494, -122.485723865 37.70808573)","3"
"1820","2475000","CESAR CHAVEZ ST","MISSOURI ST","CONNECTICUT ST","CLASS IV","2W","GREEN PAINT","SAFE-HIT POSTS",,"E","1","0","0","Cesar Chavez St","0.05303444","60",,"0",,"2012",,"SEPARATED BIKEWAY","0","NO","NO","NO","NO","NO","YES","LINESTRING (-122.395307863 37.749803786, -122.396273544 37.7497456)","3"
"810","132000","2ND ST","MISSION ST","MINNA ST","CLASS IV","2W","GREEN PAINT","SAFE-HIT POSTS",,"S","0","0","0","2nd St","0.04188166","11",,"2,019","4","0",,"SEPARATED BIKEWAY","0","NO","YES","NO","NO","NO","NO","LINESTRING (-122.399798024 37.788007161, -122.399255049 37.787579278)","3"
"11210","2760000","BATTERY ST","WASHINGTON ST","JACKSON ST","CLASS IV","1W",,"SAFE-HIT POSTS",,"S",,,,"Battery St","0.06311394",,"1",,,"2023",,"SEPARATED BIKEWAY","0","NO","NO","NO","NO","NO","NO","LINESTRING (-122.400498743 37.795880003, -122.400694544 37.796781843)","3"
"3108","13062000","VALENCIA ST","CLARION AL","SYCAMORE ST","CLASS IV","2W","GREEN PAINT","PARKING; SAFE-HIT POSTS","CR implemented 8/2023; SR implemented 5/2025","S","1","0","0","Valencia St","0.02337715","45",,"2,025","5","1999",,"SEPARATED BIKEWAY","0","NO","NO","NO","YES","NO","N/A","LINESTRING (-122.421694847 37.762916815, -122.421662477 37.762578832)","3"
"5103","779000","17TH ST","DE HARO ST","CAROLINA ST","CLASS IV","2W","GREEN PAINT","PARKING; SAFE-HIT POSTS",,"W","1","2,017","3","17th St","0.05302406","0","3","2,024","6","2017",,"SEPARATED BIKEWAY","0","NO","NO","NO","NO","NO","NO","LINESTRING (-122.40063332 37.764897507, -122.401598999 37.764839237)","3"
"3297","5660000","FOLSOM ST","2ND ST","HAWTHORNE ST","CLASS IV","1W","GREEN PAINT","PARKING; SAFE-HIT POSTS",,"E","0","0","0","Folsom St","0.0855218","30",,"2,021","5","1997",,"SEPARATED BIKEWAY","0","NO","NO","NO","NO","NO","NO","LINESTRING (-122.396705177 37.78554213, -122.397811613 37.784666586)","3"
"2626","805000","17TH ST","CHURCH ST","SANCHEZ ST","CLASS IV","2W",,"CONCRETE; SAFE-HIT POSTS",,"W","0","0","0","17th St","0.12180684","40",,"2,018","9",,,"SEPARATED BIKEWAY","0","NO","NO","NO","NO","NO","N/A","LINESTRING (-122.42850875 37.762889866, -122.430726723 37.76275267)","3"
"4936","13061000","VALENCIA ST","17TH ST","CLARION AL","CLASS IV","2W","GREEN PAINT","PARKING; SAFE-HIT POSTS","CR implemented 8/2023; SR implemented 5/2025","N","0","0","0","Valencia St","0.02648756","45",,"2,025","5","1984",,"SEPARATED BIKEWAY","0","NO","NO","NO","YES","NO","N/A","LINESTRING (-122.421731521 37.763299768, -122.421694847 37.762916815)","3"
"2771","8845201","MASONIC AVE","EWING TERR","TURK ST","CLASS IV","2W","GREEN PAINT","CONCRETE",,"N",,,,"Masonic Ave","0.10758417","55",,"2,018","8",,,"SEPARATED BIKEWAY","0","NO","YES","NO","NO","NO","YES","LINESTRING (-122.447351927 37.780152061, -122.447373392 37.780063264, -122.447098278 37.778714894, -122.447039806 37.778622308)","3"
"5029","6264000","GOLDEN GATE AVE","POLK ST","LARKIN ST","CLASS IV","1W",,"PARKING; SAFE-HIT POSTS",,"E",,"0","0","Golden Gate Ave","0.09218512","0","6","2,021","5","2016",,"SEPARATED BIKEWAY","0","NO","NO","NO","NO","NO","NO","LINESTRING (-122.417145612 37.781447495, -122.41880845 37.781235767)","0"
"52","10558000","POLK ST","OLIVE ST","O FARRELL ST","CLASS IV","2W","GREEN PAINT","SAFE-HIT POSTS",,"S","1","0","0","Polk St","0.03209395","20",,"2,019","5","2003",,"SEPARATED BIKEWAY","0","NO","NO","NO","NO","NO","YES","LINESTRING (-122.419454542 37.784500844, -122.419547854 37.78496026)","3"
"936","8755101","MARKET ST","VAN NESS AV","12TH ST","CLASS IV","2W","GREEN PAINT","SAFE-HIT POSTS","Updated 2/2020, extended from half to full block","W","0","0","0","Market St","0.07710659","50",,"2,017","4","2005",,"SEPARATED BIKEWAY","0","NO","NO","NO","NO","NO","YES","LINESTRING (-122.419255606 37.775147074, -122.420254279 37.774358675)","3"
"870","9762000","OAK ST","BAKER ST","BRODERICK ST","CLASS IV","1W","GREEN PAINT","CONCRETE; SAFE-HIT POSTS",,"E","0","0","0","Oak St","0.09128624","30",,"2,017","1","2013",,"SEPARATED BIKEWAY","1","NO","NO","NO","NO","NO","YES","LINESTRING (-122.440735147 37.772712873, -122.4390886 37.772921982)","3"
"3695","4842000","DIVISION ST","VERMONT ST","SAN BRUNO AV","CLASS IV","2W",,"SAFE-HIT POSTS",,"E","0","0","0","Division St","0.05209567","25",,"2,016","12","2000",,"SEPARATED BIKEWAY","0","NO","NO","NO","NO","NO","YES","LINESTRING (-122.404990206 37.769714507, -122.405939204 37.76965901)","3"
"4181","790000","17TH ST","ALABAMA ST","HARRISON ST","CLASS IV","2W",,"SAFE-HIT POSTS",,"E","1","0","0","17th St","0.04022745","123",,"2,018","5","2012",,"SEPARATED BIKEWAY","0","NO","NO","NO","NO","NO","YES","LINESTRING (-122.412293396 37.764193376, -122.412858998 37.764159191, -122.413002684 37.764090861)","3"
"1395","2800101","BAYSHORE BLVD","OAKDALE AV","FLOWER ST","CLASS IV","2W",,"SAFE-HIT POSTS",,"N","0","0","0","Bayshore Blvd","0.04409141","170",,"2,023","9","2012",,"SEPARATED BIKEWAY","0","YES","NO","NO","NO","NO","NO","LINESTRING (-122.405242387 37.743051205, -122.405633472 37.742492396)","3"
"4496","303000","5TH ST","PERRY ST","BRYANT ST","CLASS IV","2W",,"SAFE-HIT POSTS",,"N","0","0","0","5th St","0.07873169","61",,"2,020","3","2009",,"SEPARATED BIKEWAY","0","NO","NO","NO","NO","NO","YES","LINESTRING (-122.401312102 37.778608333, -122.40029776 37.777799011)","3"
"5069","372000","7TH ST","FOLSOM ST","CLEVELAND ST","CLASS IV","1W","GREEN PAINT","SAFE-HIT POSTS",,"N","0","2,017","4","7th St","0.04284805","4",,"2,017","5","2000",,"SEPARATED BIKEWAY","0","NO","NO","NO","NO","NO","YES","LINESTRING (-122.40784206 37.776746109, -122.407289658 37.776305953)","3"
"1467","291000","5TH ST","MINT PLZ","JESSIE ST","CLASS IV","2W",,"SAFE-HIT POSTS",,"S","1","0","0","5th St","0.01308587","61",,"2,020","3","2009",,"SEPARATED BIKEWAY","0","NO","NO","NO","NO","NO","YES","LINESTRING (-122.407184628 37.783291992, -122.407015678 37.78315775)","3"
"3603","697000","16TH ST","3RD ST","6TH ST","CLASS IV","2W",,"SAFE-HIT POSTS",,"W","0",,,"16th St","0.09322841","2",,"2,021","1","1997",,"SEPARATED BIKEWAY","0","NO","NO","NO","NO","NO","NO","LINESTRING (-122.389099105 37.76690348, -122.390797169 37.766802442)","3"
"506","300002","5TH ST","JENNIFER PL","SCOTT ALY","CLASS IV","2W",,"SAFE-HIT POSTS",,"S","0","0","0","5th St","0.01435517","61",,"2,020","3","2009",,"SEPARATED BIKEWAY","0","NO","NO","NO","NO","NO","YES","LINESTRING (-122.402704039 37.779719466, -122.402519165 37.779571843)","3"
"1024","2154000","ALEMANY BLVD","SAN BRUNO AVE","INDUSTRIAL ST ON RAMP","CLASS IV","2W","GREEN PAINT","SAFE-HIT POSTS",,"E","1","0","0","Alemany Blvd","0.11717972","45",,"2,021","1","2011",,"SEPARATED BIKEWAY","1","NO","NO","NO","NO","NO","NO","LINESTRING (-122.407252349 37.737565816, -122.407149373 37.737367871, -122.40700379 37.737093353, -122.406961708 37.736756476, -122.407010085 37.736529377, -122.407123351 37.73631357, -122.407296519 37.736121569, -122.407434426 37.736021749)","3"
"4192","2808000","BAYSHORE BLVD","DONNER AV","BACON ST","CLASS IV","2W",,"CONCRETE; SAFE-HIT POSTS",,"S","0","0","0","Bayshore Blvd","0.09153527","25",,"2,017","8","2014",,"SEPARATED BIKEWAY","0","NO","NO","NO","NO","NO","YES","LINESTRING (-122.402752244 37.729357164, -122.402209197 37.728101973)","3"
"2735","2476000","CESAR CHAVEZ ST","CONNECTICUT ST","EVANS AV","CLASS IV","2W","GREEN PAINT","SAFE-HIT POSTS",,"E","1","0","0","Cesar Chavez St","0.0555713","68",,"0",,"2012",,"SEPARATED BIKEWAY","0","NO","NO","NO","NO","NO","YES","LINESTRING (-122.396273544 37.7497456, -122.397285416 37.749684623)","3"
"1123","145000","2ND ST","SOUTH PARK","DE BOOM ST","CLASS IV","2W","GREEN PAINT","SAFE-HIT POSTS",,"S","0","0","0","2nd St","0.01778919","11",,"2,021","5","0",,"SEPARATED BIKEWAY","0","NO","YES","NO","NO","NO","NO","LINESTRING (-122.392841608 37.7824571, -122.392612645 37.782274049)","3"
"1525","294000","5TH ST","MINNA ST","NATOMA ST","CLASS IV","2W",,"SAFE-HIT POSTS",,"S","1","0","0","5th St","0.03609909","61",,"2,020","3","2009",,"SEPARATED BIKEWAY","0","NO","NO","NO","NO","NO","YES","LINESTRING (-122.405931329 37.782296141, -122.405466275 37.781925018)","3"
"59","10558000","POLK ST","OLIVE ST","O FARRELL ST","CLASS IV","2W","GREEN PAINT; GREEN-BACKED SHARROWS","SAFE-HIT POSTS",,"N","0","0","0","Polk St","0.03209395","25",,"2,019","5","2003",,"SEPARATED BIKEWAY","0","NO","NO","NO","NO","NO","YES","LINESTRING (-122.419454542 37.784500844, -122.419547854 37.78496026)","3"
"4417","12663000","TOWNSEND ST","4TH ST","5TH ST","CLASS IV","2W","GREEN PAINT","SAFE-HIT POSTS",,"W","0","0","0","Townsend St","0.17180951","30",,"2,020","3","2010",,"SEPARATED BIKEWAY","0","NO","NO","NO","NO","NO","YES","LINESTRING (-122.394981481 37.777089332, -122.397206309 37.775332244)","3"
"2554","307000","5TH ST","BLUXOME ST","TOWNSEND ST","CLASS IV","2W","GREEN PAINT","PARKING; SAFE-HIT POSTS",,"S","1","0","0","5th St","0.05923995","61",,"2,020","3","2009",,"SEPARATED BIKEWAY","0","NO","NO","NO","NO","NO","YES","LINESTRING (-122.397969477 37.775941221, -122.397206309 37.775332244)","3"
"156","15049000","16TH ST","ILLINOIS ST","TERRY FRANCOIS BLVD","CLASS IV","2W","GREEN PAINT","PARKING; SAFE-HIT POSTS",,"E","1","20","2","16th St","0.11135753",,"1",,,"2020",,"SEPARATED BIKEWAY","0","NO","NO","NO","NO","NO","NO","LINESTRING (-122.38613562 37.767075978, -122.388164137 37.766957911)","3"
"765","8752201","MARKET ST","LEAVENWORTH ST","HAYES ST","CLASS IV","2W","GREEN PAINT","SAFE-HIT POSTS",,,"0","0","0","Market St","0.09093908","25",,"2,011","5","2002",,"SEPARATED BIKEWAY","0","NO","NO","NO","NO","NO","N/A","LINESTRING (-122.414741222 37.77871943, -122.415925978 37.777795113)","3"
"3579","302000","5TH ST","HARRISON ST","PERRY ST","CLASS IV","2W",,"SAFE-HIT POSTS",,"S","1","0","0","5th St","0.04122806","4",,"2,020","3","2009",,"SEPARATED BIKEWAY","0","NO","NO","NO","NO","NO","YES","LINESTRING (-122.401843274 37.779032133, -122.401312102 37.778608333)","3"
"846","384000","7TH ST","DAGGETT ST","16TH ST","CLASS IV","2W",,"SAFE-HIT POSTS",,"N","0","0","0","7th St","0.05995718","5",,"2,019","7","1999",,"SEPARATED BIKEWAY","0","NO","NO","NO","NO","NO","YES","LINESTRING (-122.39582644 37.767165957, -122.395060545 37.766544577)","3"
"3949","13064000","VALENCIA ST","18TH ST","19TH ST","CLASS IV","2W","GREEN PAINT","PARKING; SAFE-HIT POSTS","CR implemented 8/2023; SR implemented 5/2025","N","0","0","0","Valencia St","0.11064","45",,"2,025","5","1986",,"SEPARATED BIKEWAY","0","NO","NO","NO","YES","NO","N/A","LINESTRING (-122.421578401 37.761700909, -122.421425212 37.760101293)","3"
"2055","13058000","VALENCIA ST","15TH ST","SPARROW ST","CLASS IV","2W","GREEN PAINT","PARKING; SAFE-HIT POSTS","CR implemented 8/2023; SR implemented 5/2025","N","0","0","0","Valencia St","0.05663969","45",,"2,025","5","1974",,"SEPARATED BIKEWAY","0","NO","NO","NO","NO","NO","N/A","LINESTRING (-122.422043812 37.766539577, -122.421964312 37.765720755)","3"
"12496","8054101","LAKE MERCED BLVD","UNNAMED #129","JOHN MUIR DR","CLASS IV","2W",,"CONCRETE; SAFE-HIT POSTS",,"S","0","0","0","Lake Merced Blvd","0.08836313","885","1","2,026","1","2025",,"SEPARATED BIKEWAY","0","NO","NO","NO","NO","NO","NO","LINESTRING (-122.485136377 37.709238075, -122.485149072 37.708833704, -122.48535948 37.708582319, -122.485510692 37.708382964, -122.485723865 37.70808573)","3"
"8645","3239101","BROTHERHOOD WAY","ALEMANY BLVD","ARCH ST","CLASS IV","2W",,"SAFE-HIT POSTS",,"E","1",,,"Brotherhood Wy","0.20519309",,,"2,021","5","1997",,"SEPARATED BIKEWAY","0","NO","NO","NO","NO","NO","NO","LINESTRING (-122.463784944 37.711527138, -122.463914736 37.711665425, -122.464127284 37.711956341, -122.464424238 37.712161243, -122.465042163 37.712345646, -122.465780238 37.712396366, -122.466946877 37.712367637, -122.467072691 37.712421871)","0"
"2219","300002","5TH ST","JENNIFER PL","SCOTT ALY","CLASS IV","2W",,"SAFE-HIT POSTS",,"N","1","0","0","5th St","0.01435517","61",,"2,020","3","2009",,"SEPARATED BIKEWAY","0","NO","NO","NO","NO","NO","YES","LINESTRING (-122.402704039 37.779719466, -122.402519165 37.779571843)","3"
"296","7030000","HOWARD ST","MAIN ST","BEALE ST","CLASS IV","2W","GREEN PAINT","PARKING; SAFE-HIT POSTS",,"W","0","0","0","Howard St","0.06708013","30",,"2,020",,"2005",,"SEPARATED BIKEWAY","0","NO","NO","NO","NO","NO","NO","LINESTRING (-122.393407939 37.79061267, -122.394276228 37.78992623)","3"
"414","5336000","EVANS AVE","QUINT ST","RANKIN ST","CLASS IV","2W",,"SAFE-HIT POSTS",,"W","0",,,"Evans Ave","0.12493469","68",,"2,022","10","2006",,"SEPARATED BIKEWAY","0","NO","NO","NO","NO","NO","NO","LINESTRING (-122.390327941 37.744045929, -122.39218234 37.745100998)","3"
"10565","12553201","THE EMBARCADERO","MISSION ST","WASHINGTON ST","CLASS IV","2W","GREEN PAINT","SAFE-HIT POSTS",,"N","1","0","0","The Embarcadero","0.25657729","5",,"2,022","3","2004",,"SEPARATED BIKEWAY","0","YES","NO","NO","NO","NO","NO","LINESTRING (-122.39249933 37.793768814, -122.395406648 37.796687324)","3"
"104","10565000","POLK ST","SUTTER ST","FERN ST","CLASS IV","2W","GREEN PAINT","SAFE-HIT POSTS",,"N","0","0","0","Polk St","0.03255464","25",,"2,019","5","2004",,"SEPARATED BIKEWAY","0","NO","NO","NO","NO","NO","YES","LINESTRING (-122.420116074 37.787756653, -122.420210435 37.788222701)","3"
"5215","145000","2ND ST","SOUTH PARK","DE BOOM ST","CLASS IV","2W","GREEN PAINT","SAFE-HIT POSTS",,"N","1","0","0","2nd St","0.01778919","11",,"2,021","5","0",,"SEPARATED BIKEWAY","0","NO","YES","NO","NO","NO","NO","LINESTRING (-122.392841608 37.7824571, -122.392612645 37.782274049)","3"
"4872","2158201","ALEMANY BLVD","ROUSSEAU ST","CONGDON ST","CLASS IV","2W",,"SAFE-HIT POSTS",,"W","1","0","0","Alemany Blvd","0.19254125","45",,"0",,"2011",,"SEPARATED BIKEWAY","0","NO","NO","NO","NO","NO","N/A","LINESTRING (-122.429570698 37.731039888, -122.428372053 37.731386259, -122.428163628 37.731417366, -122.427974096 37.731408598, -122.427524496 37.731360562, -122.426161767 37.731168532)","3"
"543","774000","17TH ST","MISSOURI ST","TEXAS ST","CLASS IV","2W","GREEN PAINT","PARKING; SAFE-HIT POSTS",,"E","0","2,017","3","17th St","0.05293761","0","3","2,024","6","2017",,"SEPARATED BIKEWAY","0","NO","NO","NO","NO","NO","NO","LINESTRING (-122.395806778 37.765188633, -122.39677089 37.765130496)","3"
"4666","13071000","VALENCIA ST","22ND ST","23RD ST","CLASS IV","2W","GREEN PAINT","PARKING; SAFE-HIT POSTS","CR implemented 8/2023; SR implemented 5/2025","S","1","0","0","Valencia St","0.11008962","45",,"2,025","5","1996",,"SEPARATED BIKEWAY","0","NO","NO","NO","YES","NO","NO","LINESTRING (-122.420964092 37.755294782, -122.420812136 37.753703094)","3"
"11204","2754000","BATTERY ST","CALIFORNIA ST","HALLECK ST","CLASS IV","1W",,"SAFE-HIT POSTS",,"N","0","0","0","Battery St","0.03385481","11",,"2,023","1","2010",,"SEPARATED BIKEWAY","0","NO","NO","YES","NO","NO","NO","LINESTRING (-122.399958736 37.793209102, -122.40005826 37.793693588)","3"
"10573","13403000","WASHINGTON ST","THE EMBARCADERO","DRUMM ST","CLASS IV","2W",,"PARKING; SAFE-HIT POSTS",,"E",,,,"Washington Street","0.08834202",,"3",,,"2022",,"SEPARATED BIKEWAY","0","YES","NO","NO","NO","NO","NO","LINESTRING (-122.39540527 37.796682896, -122.395842402 37.796551679, -122.396490944 37.796459567, -122.396957839 37.79634686)","1"
"1606","13061000","VALENCIA ST","17TH ST","CLARION AL","CLASS IV","2W","GREEN PAINT","PARKING; SAFE-HIT POSTS","CR implemented 8/2023; SR implemented 5/2025","S","1","0","0","Valencia St","0.02648756","45",,"2,025","5","1984",,"SEPARATED BIKEWAY","0","NO","NO","NO","YES","NO","N/A","LINESTRING (-122.421731521 37.763299768, -122.421694847 37.762916815)","3"
"5227","12721000","TURK ST","LARKIN ST","DODGE PL","CLASS IV","1W","GREEN PAINT","SAFE-HIT POSTS",,"W","0",,,"Turk St","0.0196892",,"4",,,"2018",,"SEPARATED BIKEWAY","0","NO","NO","NO","NO","NO","YES","LINESTRING (-122.416982995 37.782420417, -122.41733888 37.782378944)","3"
"132","7041000","HOWARD ST","5TH ST","MARY ST","CLASS IV","1W","GREEN PAINT","PARKING; SAFE-HIT POSTS",,"W","0","0","0","Howard St","0.06069081","30",,"2,019","3","1997",,"SEPARATED BIKEWAY","0","NO","NO","NO","NO","NO","N/A","LINESTRING (-122.404933347 37.781499509, -122.40571874 37.780878374)","3"
"4632","2812000","BAYSHORE BLVD","WAYLAND ST","WOOLSEY ST","CLASS IV","2W",,"SAFE-HIT POSTS",,"S","1","0","0","Bayshore Blvd","0.08893335","25",,"0",,"2014",,"SEPARATED BIKEWAY","0","NO","NO","NO","NO","NO","YES","LINESTRING (-122.401822426 37.726775261, -122.40147124 37.725516289)","3"
"212","787000","17TH ST","HAMPSHIRE ST","BRYANT ST","CLASS IV","2W",,"SAFE-HIT POSTS",,"E","1","0","0","17th St","0.10651089","40",,"2,018","5","2012",,"SEPARATED BIKEWAY","0","NO","NO","NO","NO","NO","YES","LINESTRING (-122.408423988 37.764427172, -122.410363748 37.764309985)","3"
"1000","5685000","FOLSOM ST","12TH ST","13TH ST","CLASS IV","2W","GREEN PAINT","SAFE-HIT POSTS",,"E","0","0","0","Folsom St","0.09574535","3",,"2,018","3","1971",,"SEPARATED BIKEWAY","0","NO","NO","NO","NO","NO","YES","LINESTRING (-122.414996655 37.770896109, -122.415308454 37.770358754, -122.415577016 37.76959116)","3"
"11212","2762000","BATTERY ST","PACFIC AVE","BROADWAY","CLASS IV","1W",,"SAFE-HIT POSTS",,"S",,,,"Battery St","0.06468249",,"1",,,"2023",,"SEPARATED BIKEWAY","0","NO","NO","NO","NO","NO","NO","LINESTRING (-122.400876382 37.79765914, -122.401064499 37.798585054)","3"
"2484","2752000","BATTERY ST","BUSH ST","PINE ST","CLASS IV","1W",,"SAFE-HIT POSTS",,"S","0","0","0","Battery St","0.06508515","11",,"2,023","1","2010",,"SEPARATED BIKEWAY","0","NO","NO","NO","NO","NO","NO","LINESTRING (-122.39957203 37.791326533, -122.399763353 37.792257948)","3"
"2466","5452000","FELL ST","BRODERICK ST","BAKER ST","CLASS IV","1W","GREEN PAINT","CONCRETE; SAFE-HIT POSTS",,"W","0","0","0","Fell St","0.09123098","170",,"2,017","1","2003",,"SEPARATED BIKEWAY","1","NO","NO","NO","NO","NO","YES","LINESTRING (-122.439276798 37.77384712, -122.440921792 37.773635296)","3"
"3058","146000","2ND ST","DE BOOM ST","BRANNAN ST","CLASS IV","2W","GREEN PAINT","SAFE-HIT POSTS",,"N","1","0","0","2nd St","0.04158199","11",,"2,021","5","0",,"SEPARATED BIKEWAY","0","NO","YES","NO","NO","NO","NO","LINESTRING (-122.392612645 37.782274049, -122.392077449 37.78184617)","3"
"3706","374001","7TH ST","I-80 E OFF-RAMP","I-80 E OFF-RAMP","CLASS IV","1W","GREEN PAINT","PARKING; SAFE-HIT POSTS",,"N","0","0","0","7th St","0.04290712","23",,"2,020","7","2002",,"SEPARATED BIKEWAY","0","NO","NO","NO","NO","NO","NO","LINESTRING (-122.405443791 37.774835102, -122.404890657 37.774394327)","3"
"3732","7046000","HOWARD ST","MOSS ST","7TH ST","CLASS IV","1W","GREEN PAINT","SAFE-HIT POSTS",,"W","0","0","0","Howard St","0.0428389","23",,"2,018","12","2003",,"SEPARATED BIKEWAY","0","NO","NO","NO","NO","NO","N/A","LINESTRING (-122.408832677 37.778415536, -122.409387006 37.777977087)","3"
"12492","8052101","LAKE MERCED BLVD","BROTHERHOOD WY","LAKE MERCED HILL","CLASS IV","2W",,"CONCRETE; SAFE-HIT POSTS",,"S","1","0","0","Lake Merced Blvd","0.23297585","885","1","2,026","1","2025",,"SEPARATED BIKEWAY","0","NO","NO","NO","NO","NO","NO","LINESTRING (-122.485228935 37.714694513, -122.485383501 37.711318668)","3"
"661","13063000","VALENCIA ST","SYCAMORE ST","18TH ST","CLASS IV","2W","GREEN PAINT","PARKING; SAFE-HIT POSTS","CR implemented 8/2023; SR implemented 5/2025","S","1","0","0","Valencia St","0.06072296","45",,"2,025","5","2006",,"SEPARATED BIKEWAY","0","NO","NO","NO","YES","NO","N/A","LINESTRING (-122.421662477 37.762578832, -122.421578401 37.761700909)","3"
"860","382000","7TH ST","IRWIN ST","HUBBELL ST","CLASS IV","2W",,"PARKING; SAFE-HIT POSTS",,"S","1","0","0","7th St","0.05966384","23",,"2,019","7","2002",,"SEPARATED BIKEWAY","0","NO","NO","NO","NO","NO","YES","LINESTRING (-122.397422411 37.768438135, -122.396653409 37.767825156)","3"
"7042","9874001","OCTAVIA ST","MARKET ST","WALLER ST","CLASS IV","2W",,"SAFE-HIT POSTS",,"N","0","0","0","Octavia St","0.02009651","32",,"2,019","5","2006",,"SEPARATED BIKEWAY","0","NO","NO","NO","NO","NO","YES","LINESTRING (-122.423619523 37.771716962, -122.423677775 37.77200466)","0"
"50","13056000","VALENCIA ST","BROSNAN ST","14TH ST","CLASS IV","2W","GREEN PAINT","PARKING; SAFE-HIT POSTS",,"S","1","0","0","Valencia St","0.04250077","45",,"2,019","5","1999",,"SEPARATED BIKEWAY","0","NO","NO","NO","NO","NO","YES","LINESTRING (-122.422258155 37.768754144, -122.422199174 37.768139683)","3"
"4698","13067000","VALENCIA ST","20TH ST","LIBERTY ST","CLASS IV","2W","GREEN PAINT","PARKING; SAFE-HIT POSTS","CR implemented 8/2023; SR implemented 5/2025","S","1","0","0","Valencia St","0.05513847","45",,"2,025","5","1996",,"SEPARATED BIKEWAY","0","NO","NO","NO","YES","NO","NO","LINESTRING (-122.421271729 37.758498508, -122.421193865 37.757701417)","3"
"11202","2752000","BATTERY ST","BUSH ST","PINE ST","CLASS IV","1W",,"SAFE-HIT POSTS",,"N","0","0","0","Battery St","0.06508515","11",,"2,023","1","2010",,"SEPARATED BIKEWAY","0","NO","NO","YES","NO","NO","NO","LINESTRING (-122.39957203 37.791326533, -122.399763353 37.792257948)","3"
"7364","5457000","FELL ST","ASHBURY ST","CLAYTON ST","CLASS IV","1W",,"PARKING; SAFE-HIT POSTS",,"W","0","2,020",,"Fell St","0.09127955",,"8",,,"2020",,"SEPARATED BIKEWAY","0","NO","NO","NO","NO","NO","NO","LINESTRING (-122.447497245 37.772790454, -122.449143173 37.772578917)","3"
"1830","4846201","DIVISION ST","POTRERO AV","11TH ST","CLASS IV","2W",,"CONCRETE",,"E","1","0","0","Division St","0.16144612","25",,"2,017","5","2010",,"SEPARATED BIKEWAY","1","NO","NO","NO","NO","NO","YES","LINESTRING (-122.408007204 37.76924401, -122.408551358 37.769252189, -122.409257953 37.769220623, -122.409540431 37.769235056, -122.410756184 37.769422342, -122.410931088 37.769411191)","3"
"2844","11475000","SAN JOSE AVE ON RAMP","ROUSSEAU ST","SAN JOSE AVE ON RAMP","CLASS IV","2W","GREEN PAINT","SAFE-HIT POSTS",,"E","0","2,014","4","San Jose Ave","0.11918354","11",,"2,014",,"2010",,"SEPARATED BIKEWAY","0","NO","NO","NO","NO","NO","YES","LINESTRING (-122.432172318 37.732969607, -122.431261563 37.733505438, -122.4303685 37.733932558)","3"
"3545","13067000","VALENCIA ST","20TH ST","LIBERTY ST","CLASS IV","2W","GREEN PAINT","PARKING; SAFE-HIT POSTS","CR implemented 8/2023; SR implemented 5/2025","N","0","0","0","Valencia St","0.05513847","45",,"2,025","5","1996",,"SEPARATED BIKEWAY","0","NO","NO","NO","YES","NO","NO","LINESTRING (-122.421271729 37.758498508, -122.421193865 37.757701417)","3"
"12176","8049201","LAKE MERCED BLVD","FONT BLVD","HIGUERA AV","CLASS IV","2W",,"CONCRETE; SAFE-HIT POSTS",,"N","1","0","0","Lake Merced Blvd","0.37428902","885","3",,,"2024",,"SEPARATED BIKEWAY","0","NO","NO","NO","NO","NO","NO","LINESTRING (-122.485075178 37.723999727, -122.485121602 37.723166337, -122.485143214 37.722904399, -122.485118046 37.721263819)",
"11219","2758000","BATTERY ST","CLAY ST","MERCHANT ST","CLASS IV","1W",,"SAFE-HIT POSTS",,"N",,,,"Battery St","0.0303694",,"1",,,"2023",,"SEPARATED BIKEWAY","0","NO","NO","YES","NO","NO","NO","LINESTRING (-122.400342539 37.795018149, -122.400425891 37.795453497)","3"
"12169","8044000","LAKE MERCED BLVD","BERKSHIRE WY","SUNSET BLVD","CLASS IV","2W",,"CONCRETE; SAFE-HIT POSTS",,"E","1","0","0","Lake Merced Blvd","0.35523942","885","3",,,"2024",,"SEPARATED BIKEWAY","0","NO","NO","NO","NO","NO","NO","LINESTRING (-122.498001637 37.731277833, -122.498060255 37.731164586, -122.497870693 37.730730211, -122.497353647 37.72966838, -122.497232897 37.729489768, -122.497017439 37.729302534, -122.496699149 37.729123861, -122.496357484 37.729034208, -122.496034819 37.729012405, -122.49568823 37.729059182, -122.493469933 37.729596664)","3"
"7367","5453000","FELL ST","BAKER ST","LYON ST","CLASS IV","1W",,"PARKING; SAFE-HIT POSTS",,"W","0","2,020",,"Fell St","0.09111831",,"8",,,"2020",,"SEPARATED BIKEWAY","0","NO","NO","NO","NO","NO","NO","LINESTRING (-122.440921792 37.773635296, -122.44256485 37.773424225)","3"
"816","382000","7TH ST","IRWIN ST","HUBBELL ST","CLASS IV","2W",,"SAFE-HIT POSTS",,"N","0","0","0","7th St","0.05966384","23",,"2,019","7","2002",,"SEPARATED BIKEWAY","0","NO","NO","NO","NO","NO","YES","LINESTRING (-122.397422411 37.768438135, -122.396653409 37.767825156)","3"
"5079","785000","17TH ST","UTAH ST","POTRERO AVE","CLASS IV","2W",,"SAFE-HIT POSTS",,"W","0","0","0","17th St","0.05439202","40",,"2,018","5","2011",,"SEPARATED BIKEWAY","0","NO","NO","NO","NO","NO","YES","LINESTRING (-122.406429155 37.764547654, -122.407419738 37.76448783)","3"
"8002","5656000","FOLSOM ST","GROTE PL","1ST ST","CLASS IV","2W","GREEN PAINT","PARKING; SAFE-HIT POSTS",,"W","1","0","0","Folsom St","0.04009944","30",,"2,020","12","2000",,"SEPARATED BIKEWAY","0","NO","NO","NO","NO","NO","NO","LINESTRING (-122.39396192 37.7877083, -122.394481274 37.787298215)","3"
"7693","2864000","BEALE ST","MISSION ST","HOWARD ST","CLASS IV","1W",,"PARKING; SAFE-HIT POSTS",,"S","0",,,"Beale St","0.11930897",,"12",,,"2020",,"SEPARATED BIKEWAY","0","NO","NO","NO","NO","NO","NO","LINESTRING (-122.395813422 37.791152808, -122.394276228 37.789926231)","3"
"666","7989201","LAGUNA HONDA BLVD","CLARENDON AV","PLAZA ST","CLASS IV","2W",,"SAFE-HIT POSTS",,"S","1","0","0","Laguna Honda Blvd","0.20694276","65",,"2,017","6","1999",,"SEPARATED BIKEWAY","0","NO","NO","NO","NO","NO","YES","LINESTRING (-122.461523603 37.751503561, -122.461093377 37.750940736, -122.460588417 37.749899955, -122.460424104 37.749704775, -122.459940569 37.749247839, -122.459625717 37.748941672)","3"
"625","2155000","ALEMANY BLVD","ALEMANY BLVD OFF RAMP","INDUSTRIAL ST OFF RAMP","CLASS IV","2W",,"SAFE-HIT POSTS",,"W","0","0","0","Alemany Blvd","0.12084864","45",,"2,021","1","2011",,"SEPARATED BIKEWAY","0","NO","NO","NO","NO","NO","NO","LINESTRING (-122.408789648 37.736997132, -122.409006182 37.736434762, -122.409217061 37.736024357, -122.409523486 37.735658351, -122.409783242 37.735466961)","3"
"2779","13069000","VALENCIA ST","21ST ST","HILL ST","CLASS IV","2W","GREEN PAINT","PARKING; SAFE-HIT POSTS","CR implemented 8/2023; SR implemented 5/2025","S","1","0","0","Valencia St","0.0553464","45",,"2,025","5","1996",,"SEPARATED BIKEWAY","0","NO","NO","NO","YES","NO","NO","LINESTRING (-122.42111754 37.75690201, -122.421041141 37.756101806)","3"
"2995","2801103","BAYSHORE BLVD","MARENGO ST","INDUSTRIAL ST","CLASS IV","2W",,"SAFE-HIT POSTS",,"N","1","0","0","Bayshore Blvd","0.03485564","70",,"2,023","9","2012",,"SEPARATED BIKEWAY","0","NO","NO","NO","NO","NO","NO","LINESTRING (-122.406990758 37.738467226, -122.406910504 37.737965867)","3"
"148","3693101","CARGO WAY","ILLINOIS ST","MENDELL ST","CLASS IV","2W",,"CONCRETE; SAFE-HIT POSTS",,"W","0","0","0","Cargo Way","0.19912581","44",,,,"2012",,"SEPARATED BIKEWAY","0","NO","NO","NO","NO","NO","N/A","LINESTRING (-122.38311822 37.743883336, -122.383286538 37.743904904, -122.386098874 37.745512844)","3"
"11216","2761000","BATTERY ST","JACKSON ST","PACIFIC AVE","CLASS IV","1W",,"SAFE-HIT POSTS",,"S",,,,"Battery St","0.06131787",,"1",,,"2023",,"SEPARATED BIKEWAY","0","NO","NO","NO","NO","NO","NO","LINESTRING (-122.400694544 37.796781843, -122.400876382 37.79765914)","3"
"926","9760000","OAK ST","SCOTT ST","DIVISADERO ST","CLASS IV","1W","GREEN PAINT","CONCRETE; SAFE-HIT POSTS",,"E","0","0","0","Oak St","0.09266533","45",,"2,017","1","2013",,"SEPARATED BIKEWAY","1","NO","NO","NO","NO","NO","YES","LINESTRING (-122.43742294 37.773133493, -122.435751499 37.773345713)","3"
"2000","12550202","THE EMBARCADERO","HARRISON ST","FOLSOM ST","CLASS IV","2W",,"PARKING; SAFE-HIT POSTS",,"N","1","0","0","The Embarcadero","0.12050805","60",,"2,020","9","2000",,"SEPARATED BIKEWAY","0","NO","NO","NO","NO","NO","NO","LINESTRING (-122.388481187 37.789571918, -122.390013178 37.790826904)","3"
"4852","410000","8TH ST","TEHAMA ST","CLEMENTINA ST","CLASS IV","1W","GREEN PAINT","PARKING; SAFE-HIT POSTS",,"S","0","2,017","4","8th St","0.03557851","30",,"2,017","5","2006",,"SEPARATED BIKEWAY","0","NO","NO","NO","NO","NO","YES","LINESTRING (-122.411069442 37.775793804, -122.410610729 37.775428353)","3"
"111","13053000","VALENCIA ST","MC COPPIN ST","DUBOCE AV","CLASS IV","2W","GREEN PAINT","PARKING; SAFE-HIT POSTS",,"S","1","0","0","Valencia St","0.11946283","40",,"2,019","5","2003",,"SEPARATED BIKEWAY","0","NO","NO","NO","NO","NO","YES","LINESTRING (-122.422526343 37.771595103, -122.422364819 37.769867698)","3"
"807","378000","7TH ST","KING ST","BERRY ST","CLASS IV","2W",,"SAFE-HIT POSTS",,"N","0","0","0","7th St","0.06061815","23",,"2,019","7","2002",,"SEPARATED BIKEWAY","0","NO","NO","NO","NO","NO","YES","LINESTRING (-122.400804277 37.771137788, -122.400022816 37.770515108)","3"
"2616","2803000","BAYSHORE BLVD","HELENA ST","AUGUSTA ST","CLASS IV","2W",,"SAFE-HIT POSTS",,"S","1","0","0","Bayshore Blvd","0.15631976","25",,"0",,"2012",,"SEPARATED BIKEWAY","0","NO","NO","NO","NO","NO","YES","LINESTRING (-122.406703836 37.736308604, -122.406618861 37.735896874, -122.406454646 37.735510813, -122.405494571 37.734287051)","3"
"1589","12560201","THE EMBARCADERO","BAY ST","NORTH POINT ST","CLASS IV","2W","GREEN PAINT","SAFE-HIT POSTS",,"N","0","0","0","The Embarcadero","0.0999757","50",,"2,017","6","1998",,"SEPARATED BIKEWAY","0","NO","NO","NO","NO","NO","YES","LINESTRING (-122.405726664 37.806644587, -122.405967102 37.80675445, -122.407301071 37.807380069)","3"
"4330","7052000","HOWARD ST","9TH ST","WASHBURN ST","CLASS IV","1W","GREEN PAINT","PARKING; SAFE-HIT POSTS",,"W","0","0","0","Howard St","0.03263744","60",,"2,018","12","1997",,"SEPARATED BIKEWAY","0","NO","NO","NO","NO","NO","N/A","LINESTRING (-122.413161109 37.774991752, -122.413586546 37.774660227)","3"
"4580","5656000","FOLSOM ST","GROTE PL","1ST ST","CLASS IV","2W","GREEN PAINT","PARKING; SAFE-HIT POSTS",,"E","0","0","0","Folsom St","0.04009944","30",,"2,020","12","2000",,"SEPARATED BIKEWAY","0","NO","NO","NO","NO","NO","NO","LINESTRING (-122.39396192 37.7877083, -122.394481274 37.787298215)","3"
"2075","3240101","BROTHERHOOD WAY","ARCH ST","JUNIPERO SERRA BLVD ON RAMP","CLASS IV","2W",,"SAFE-HIT POSTS",,"E","1","0","0","Brotherhood Way","0.19600923","65",,"2,021","5","1997",,"SEPARATED BIKEWAY","0","NO","NO","NO","NO","NO","NO","LINESTRING (-122.467072691 37.712421872, -122.467201128 37.712361375, -122.468008857 37.712336487, -122.468747825 37.712415682, -122.46930676 37.712526415)","0"
"766","4985000","DUBOCE AVE","CHURCH ST","FILLMORE ST","CLASS IV","2W","GREEN PAINT","CONCRETE",,"W","0","0","0","Duboce Ave","0.04270422","47",,"2,012","5","0",,"SEPARATED BIKEWAY","0","NO","NO","NO","NO","NO","YES","LINESTRING (-122.429127986 37.769456129, -122.429905643 37.769407922)","3"
"4421","305000","5TH ST","WELSH ST","BRANNAN ST","CLASS IV","2W",,"PARKING; SAFE-HIT POSTS",,"N","0","0","0","5th St","0.07817495","61",,"2,020","3","2009",,"SEPARATED BIKEWAY","0","NO","NO","NO","NO","NO","YES","LINESTRING (-122.399762585 37.777371995, -122.39875545 37.776568382)","3"
"727","8753201","MARKET ST","LARKIN ST","POLK ST","CLASS IV","2W","GREEN PAINT","SAFE-HIT POSTS",,,"0","0","0","Market St","0.09330127","50",,"2,011","5","2002",,"SEPARATED BIKEWAY","0","NO","NO","NO","NO","NO","N/A","LINESTRING (-122.416291702 37.777493842, -122.417501462 37.776540894)","3"
"6722","10168000","PAGE ST","FRANKLIN ST","MARKET ST","CLASS IV","2W","GREEN PAINT","SAFE-HIT POSTS",,"W","0",,,"Page St","0.02803191",,"2",,,"2020",,"SEPARATED BIKEWAY","0","NO","NO","NO","NO","NO","NO","LINESTRING (-122.420254279 37.774358675, -122.420759893 37.774294398)","3"
"856","135000","2ND ST","HOWARD ST","TEHAMA ST","CLASS IV","2W","GREEN PAINT","CONCRETE; SAFE-HIT POSTS",,"S","0","0","0","2nd St","0.04285689","11",,"2,019","4","0",,"SEPARATED BIKEWAY","0","NO","YES","NO","NO","NO","NO","LINESTRING (-122.398256963 37.78677895, -122.397704485 37.786338615)","3"
"963","10612201","PORTOLA DR","BURNETT AV","UNNAMED #19","CLASS IV","2W",,"SAFE-HIT POSTS",,"W","0","0","0","Portola Dr","0.1013712","525",,"0",,"2011",,"SEPARATED BIKEWAY","0","YES","NO","NO","NO","NO","N/A","LINESTRING (-122.444847226 37.746945373, -122.445049935 37.747014593, -122.446186006 37.746842571, -122.446648368 37.746760187)","3"
"4261","307000","5TH ST","BLUXOME ST","TOWNSEND ST","CLASS IV","2W",,"SAFE-HIT POSTS",,"N","0","0","0","5th St","0.05923995","61",,"2,020","3","2009",,"SEPARATED BIKEWAY","0","NO","NO","NO","NO","NO","YES","LINESTRING (-122.397969477 37.775941221, -122.397206309 37.775332244)","3"
"2339","13076000","VALENCIA ST","ARMY ST","TIFFANY AV","CLASS IV","2W","GREEN PAINT","PARKING",,"N","0","0","0","Valencia St","0.10715693","45",,"2,017","3","1997",,"SEPARATED BIKEWAY","1","NO","YES","NO","NO","NO","NO","LINESTRING (-122.420278831 37.748125284, -122.420130343 37.746576031)","3"
"92","10560000","POLK ST","MYRTLE ST","GEARY ST","CLASS IV","2W","GREEN PAINT","SAFE-HIT POSTS",,"S","1","0","0","Polk St","0.03218238","20",,"2,019","5","2003",,"SEPARATED BIKEWAY","0","NO","NO","NO","NO","NO","YES","LINESTRING (-122.419638989 37.785433036, -122.419738735 37.785892901)","3"
"3321","12718000","TURK ST","LEAVENWORTH ST","JONES ST","CLASS IV","1W","GREEN PAINT","SAFE-HIT POSTS",,"W","0",,,"Turk St","0.09103512",,"4",,,"2018",,"SEPARATED BIKEWAY","0","NO","NO","NO","NO","NO","YES","LINESTRING (-122.412411747 37.783004079, -122.414053765 37.782794446)","3"
"3538","2806000","BAYSHORE BLVD","THORNTON AV","QUINT ST","CLASS IV","2W",,"CONCRETE; SAFE-HIT POSTS",,"S","0","0","0","Bayshore Blvd","0.05614585","25",,"2,017","8","2014",,"SEPARATED BIKEWAY","0","NO","NO","NO","NO","NO","YES","LINESTRING (-122.403400462 37.730658352, -122.403021621 37.729901902)","3"
"1687","4842000","DIVISION ST","VERMONT ST","SAN BRUNO AV","CLASS IV","2W","GREEN PAINT","SAFE-HIT POSTS",,"W","1","0","0","Division St","0.05209567","45",,"2,016","12","2000",,"SEPARATED BIKEWAY","0","NO","NO","NO","NO","NO","YES","LINESTRING (-122.404990206 37.769714507, -122.405939204 37.76965901)","3"
"2830","5670000","FOLSOM ST","RUSS ST","SHERMAN ST","CLASS IV","1W","GREEN PAINT","PARKING; SAFE-HIT POSTS",,"E","0","2,014","0","Folsom St","0.0224187","23",,"2,018","1","2005",,"SEPARATED BIKEWAY","0","NO","NO","NO","NO","NO","YES","LINESTRING (-122.40672447 37.777628934, -122.407014751 37.777399633)","3"
"834","132000","2ND ST","MISSION ST","MINNA ST","CLASS IV","2W","GREEN PAINT","SAFE-HIT POSTS",,"N","1","0","0","2nd St","0.04188166","11",,"2,019","4","0",,"SEPARATED BIKEWAY","0","NO","YES","NO","NO","NO","NO","LINESTRING (-122.399798024 37.788007161, -122.399255049 37.787579278)","3"
"3733","773000","17TH ST","TEXAS ST","MISSISSIPPI ST","CLASS IV","2W",,"SAFE-HIT POSTS",,"W","1","2,017","3","17th St","0.05370108","0","3","2,024","6","2017",,"SEPARATED BIKEWAY","0","NO","NO","NO","NO","NO","NO","LINESTRING (-122.39482876 37.7652476, -122.395806778 37.765188633)","3"
"4824","7167000","ILLINOIS ST","18TH ST","19TH ST","CLASS IV","2W",,"SAFE-HIT POSTS",,"S","1","0","0","Illinois St","0.08851557","5","6","2,021","1","2011",,"SEPARATED BIKEWAY","0","NO","NO","NO","NO","NO","NO","LINESTRING (-122.387794796 37.763107217, -122.387690005 37.761826479)","3"
"3044","10546000","POLK ST","HAYES ST","MARKET ST","CLASS IV","1W","GREEN PAINT","CONCRETE",,"N","1","2,014","4","Polk St","0.07805976","25",,"2,014",,"2010",,"SEPARATED BIKEWAY","0","NO","NO","YES","NO","NO","YES","LINESTRING (-122.418043167 37.777511711, -122.417896785 37.776807497, -122.417799571 37.776697563, -122.417501462 37.776540894)","3"
"2751","290000","5TH ST","STEVENSON ST","JESSIE ST","CLASS IV","2W",,"SAFE-HIT POSTS",,"S","1","0","0","5th St","0.0230955","11",,"2,020","3","2009",,"SEPARATED BIKEWAY","0","NO","NO","NO","NO","NO","YES","LINESTRING (-122.407482812 37.783528918, -122.407184628 37.783291992)","3"
"3350","2807000","BAYSHORE BLVD","QUINT ST","DONNER AV","CLASS IV","2W",,"SAFE-HIT POSTS",,"S","0","0","0","Bayshore Blvd","0.04036286","25",,"0",,"2014",,"SEPARATED BIKEWAY","0","NO","NO","NO","NO","NO","YES","LINESTRING (-122.403021621 37.729901902, -122.402752244 37.729357164)","3"
"2303","784000","17TH ST","SAN BRUNO AVE","UTAH ST","CLASS IV","2W",,"SAFE-HIT POSTS",,"E","1","0","0","17th St","0.05302755","40",,"2,024","6","2011",,"SEPARATED BIKEWAY","0","NO","NO","NO","NO","NO","YES","LINESTRING (-122.40546342 37.764605969, -122.406429155 37.764547654)","3"
"11211","2761000","BATTERY ST","JACKSON ST","PACIFIC AVE","CLASS IV","1W",,"SAFE-HIT POSTS",,"N",,,,"Battery St","0.06131787",,"1",,,"2023",,"SEPARATED BIKEWAY","0","NO","NO","YES","NO","NO","NO","LINESTRING (-122.400694544 37.796781843, -122.400876382 37.79765914)","3"
"730","2769000","BATTERY ST","GREENWICH","THE EMBARCADERO","CLASS IV","1W","GREEN PAINT","PARKING; SAFE-HIT POSTS",,"S","1",,,"Battery St","0.06016497",,"8",,,"2019",,"SEPARATED BIKEWAY","0","NO","NO","NO","NO","NO","NO","LINESTRING (-122.401980674 37.803239594, -122.402116037 37.803879458, -122.401973427 37.80407225)","1"
"2749","5681000","FOLSOM ST","10TH ST","JUNIPER ST","CLASS IV","1W","GREEN PAINT","PARKING; SAFE-HIT POSTS",,"E","0","2,014","0","Folsom St","0.04594993","30",,"2,018","1","1971",,"SEPARATED BIKEWAY","0","NO","NO","NO","NO","NO","YES","LINESTRING (-122.412824226 37.77281216, -122.413419619 37.77234255)","3"
"1744","5659000","FOLSOM ST","ESSEX ST","2ND ST","CLASS IV","2W","GREEN PAINT","SAFE-HIT POSTS",,"E","0","0","0","Folsom St","0.08182386","30",,"2,016","4","2000",,"SEPARATED BIKEWAY","0","NO","NO","NO","NO","NO","YES","LINESTRING (-122.395645467 37.786378936, -122.396705177 37.78554213)","3"
"3759","293000","5TH ST","MISSION ST","MINNA ST","CLASS IV","2W",,"SAFE-HIT POSTS",,"S","1","0","0","5th St","0.04245145","61",,"2,020","3","2009",,"SEPARATED BIKEWAY","0","NO","NO","NO","NO","NO","YES","LINESTRING (-122.406479403 37.782731636, -122.405931329 37.782296141)","3"
"845","131000","2ND ST","JESSIE ST","MISSION ST","CLASS IV","2W","GREEN PAINT","SAFE-HIT POSTS",,"N","0","0","0","2nd St","0.04233889","11",,"2,019","4","0",,"SEPARATED BIKEWAY","1","NO","YES","NO","NO","NO","NO","LINESTRING (-122.40034385 37.788442163, -122.399798024 37.788007161)","3"
"277","299000","5TH ST","FOLSOM ST","SHIPLEY ST","CLASS IV","2W",,"SAFE-HIT POSTS",,"S","1","0","0","5th St","0.04244145","61",,"2,020","3","2009",,"SEPARATED BIKEWAY","0","NO","NO","NO","NO","NO","YES","LINESTRING (-122.403387209 37.780264972, -122.402840617 37.779828524)","3"
"966","3031201","BOSWORTH ST","ELK ST","BOSWORTH ST","CLASS IV","2W",,"SAFE-HIT POSTS",,"W","0","0","0","Bosworth St","0.14286874","55",,"2,017","7","2011",,"SEPARATED BIKEWAY","0","NO","NO","NO","NO","NO","YES","LINESTRING (-122.439934386 37.734856809, -122.440024444 37.734908933, -122.440693807 37.735068831, -122.441014844 37.73556964, -122.441151582 37.735708934, -122.441384219 37.735860281, -122.441698261 37.735951456, -122.441867061 37.735976565, -122.441927296 37.735968229)","3"
"3992","303000","5TH ST","PERRY ST","BRYANT ST","CLASS IV","2W",,"SAFE-HIT POSTS",,"S","1","0","0","5th St","0.07873169","85",,"2,020","3","2009",,"SEPARATED BIKEWAY","0","NO","NO","NO","NO","NO","YES","LINESTRING (-122.401312102 37.778608333, -122.40029776 37.777799011)","3"
"103","13057001","VALENCIA ST","14TH","ROSA PARKS LN","CLASS IV","2W","GREEN PAINT","PARKING; SAFE-HIT POSTS",,"S","1","0","0","Valencia St","0.04612132","45",,"2,019","5","1999",,"SEPARATED BIKEWAY","0","NO","NO","NO","NO","NO","YES","LINESTRING (-122.422199174 37.768139683, -122.422134435 37.767472922)","3"
"11217","2760000","BATTERY ST","WASHINGTON ST","JACKSON ST","CLASS IV","1W",,"SAFE-HIT POSTS",,"N",,,,"Battery St","0.06311394",,"1",,,"2023",,"SEPARATED BIKEWAY","0","NO","NO","YES","NO","NO","NO","LINESTRING (-122.400498743 37.795880003, -122.400694544 37.796781843)","3"
"10566","12554201","THE EMBARCADERO","WASHINGTON ST","BROADWAY","CLASS IV","2W","GREEN PAINT","SAFE-HIT POSTS",,"S","0","0","0","The Embarcadero","0.21483667","20",,"2,022","3","2004",,"SEPARATED BIKEWAY","0","YES","NO","YES","NO","NO","NO","LINESTRING (-122.395406648 37.796687324, -122.397658168 37.79923908)","3"
"7696","5657000","FOLSOM ST","1ST ST","ECKER ST","CLASS IV","2W","GREEN PAINT","PARKING; SAFE-HIT POSTS",,"W","1","0","0","Folsom St","0.06061248","30",,"2,020","12","1996",,"SEPARATED BIKEWAY","0","NO","NO","NO","NO","NO","NO","LINESTRING (-122.394481274 37.787298215, -122.395266295 37.786678345)","3"
"897","698000","16TH ST","6TH ST","OWENS ST","CLASS IV","2W",,"SAFE-HIT POSTS",,"E","1",,,"16th St","0.10237743","40",,"2,021","1","1997",,"SEPARATED BIKEWAY","0","NO","NO","NO","NO","NO","NO","LINESTRING (-122.390797169 37.766802442, -122.392661868 37.76669146)","3"
"980","143000","2ND ST","TABER PL","FEDERAL ST","CLASS IV","2W","GREEN PAINT","SAFE-HIT POSTS",,"S","0","0","0","2nd St","0.01668434","11",,"2,021","5","0",,"SEPARATED BIKEWAY","0","NO","YES","NO","NO","NO","NO","LINESTRING (-122.39329722 37.782821345, -122.393082475 37.782649664)","3"
"2307","295000","5TH ST","NATOMA ST","HOWARD ST","CLASS IV","2W",,"SAFE-HIT POSTS",,"N","0","0","0","5th St","0.04137863","61",,"2,020","3","2009",,"SEPARATED BIKEWAY","1","NO","NO","NO","NO","NO","YES","LINESTRING (-122.405466275 37.781925018, -122.404933347 37.781499509)","3"
"447","13069000","VALENCIA ST","21ST ST","HILL ST","CLASS IV","2W","GREEN PAINT","PARKING; SAFE-HIT POSTS","CR implemented 8/2023; SR implemented 5/2025","N","0","0","0","Valencia St","0.0553464","45",,"2,025","5","1996",,"SEPARATED BIKEWAY","0","NO","NO","NO","YES","NO","NO","LINESTRING (-122.42111754 37.75690201, -122.421041141 37.756101806)","3"
"3557","180000","3RD ST","TOWNSEND ST","KING ST","CLASS IV","2W","GREEN PAINT","PARKING; SAFE-HIT POSTS",,"S","1","0","0","3rd St","0.07060172","5",,"2,024","3","2010",,"SEPARATED BIKEWAY","0","NO","NO","YES","NO","NO","NO","LINESTRING (-122.392749787 37.778851717, -122.391840525 37.778125698)","3"
"1354","5340000","EVANS AVE","TOLAND ST","MARIN ST","CLASS IV","2W",,"SAFE-HIT POSTS",,"S","0","0","0","Evans Ave","0.08418142","68",,"2,022","10","2006",,"SEPARATED BIKEWAY","0","NO","NO","NO","NO","NO","NO","LINESTRING (-122.396008614 37.747262349, -122.396186171 37.747384961, -122.396647357 37.748351675)","3"
"4542","776000","17TH ST","ARKANSAS ST","CONNECTICUT ST","CLASS IV","2W","GREEN PAINT","PARKING; SAFE-HIT POSTS",,"E","0","2,017","3","17th St","0.05304051","0","3","2,024","6","2017",,"SEPARATED BIKEWAY","0","NO","NO","NO","NO","NO","NO","LINESTRING (-122.397737383 37.765072208, -122.398703366 37.765013942)","3"
"3709","4845000","DIVISION ST","UTAH ST","10TH ST","CLASS IV","2W","GREEN PAINT","PARKING",,"W","1","0","0","Division St","0.0616949","36",,"2,016","12","2010",,"SEPARATED BIKEWAY","0","NO","NO","NO","NO","NO","NO","LINESTRING (-122.4068824 37.769298558, -122.408007204 37.76924401)","3"
"37","3088000","BRANNAN ST","7TH ST","8TH ST","CLASS IV","2W","GREEN PAINT","PARKING; SAFE-HIT POSTS",,"W","0","2,020","2","Brannan St","0.17149953",,"11",,,"2019",,"SEPARATED BIKEWAY","0","NO","NO","NO","NO","NO","YES","LINESTRING (-122.403205081 37.773051102, -122.405424735 37.771296354)","0"
"813","12717000","TURK ST","JONES ST","TAYLOR ST","CLASS IV","1W","GREEN PAINT; GREEN-BACKED SHARROWS","SAFE-HIT POSTS",,"W","0",,,"Turk St","0.09130637",,"4",,,"2018",,"SEPARATED BIKEWAY","1","NO","NO","NO","NO","NO","YES","LINESTRING (-122.410764827 37.783214313, -122.412411747 37.783004079)","3"
"3737","10546000","POLK ST","HAYES ST","MARKET ST","CLASS IV","1W","GREEN PAINT","SAFE-HIT POSTS",,"S","1","2,014","4","Polk St","0.07805976","545",,"2,014",,"2010",,"SEPARATED BIKEWAY","0","NO","NO","NO","NO","NO","YES","LINESTRING (-122.418043167 37.777511711, -122.417896785 37.776807497, -122.417799571 37.776697563, -122.417501462 37.776540894)","3"
"2655","788000","17TH ST","BRYANT ST","FLORIDA ST","CLASS IV","2W",,"SAFE-HIT POSTS",,"W","0","0","0","17th St","0.05306625","40",,"2,018","5","2012",,"SEPARATED BIKEWAY","0","NO","NO","NO","NO","NO","YES","LINESTRING (-122.410363748 37.764309985, -122.41133018 37.764251587)","3"
"48","10557000","POLK ST","ELLIS ST","OLIVE ST","CLASS IV","2W","GREEN PAINT","SAFE-HIT POSTS",,"N","0","0","0","Polk St","0.03290798","25",,"2,019","5","2000",,"SEPARATED BIKEWAY","0","NO","NO","NO","NO","NO","YES","LINESTRING (-122.419364168 37.784029116, -122.419454542 37.784500844)","3"
"3981","140000","2ND ST","HARRISON ST","STILLMAN ST","CLASS IV","2W","GREEN PAINT","SAFE-HIT POSTS",,"N","1","0","0","2nd St","0.07847633","19",,"2,021","5","0",,"SEPARATED BIKEWAY","0","NO","YES","NO","NO","NO","NO","LINESTRING (-122.395160622 37.784311012, -122.394150515 37.783503509)","3"
"153","414000","8TH ST","HERON ST","HARRISON ST","CLASS IV","1W","GREEN PAINT","SAFE-HIT POSTS",,"S","0","0","0","8th St","0.04235389","30",,"2,018","6","2001",,"SEPARATED BIKEWAY","0","NO","NO","NO","NO","NO","YES","LINESTRING (-122.409062375 37.774194756, -122.408516331 37.773759701)","3"
"3257","142000","2ND ST","BRYANT ST","TABER PL","CLASS IV","2W","GREEN PAINT","SAFE-HIT POSTS",,"S","0","0","0","2nd St","0.02492823","11",,"2,021","5","0",,"SEPARATED BIKEWAY","0","NO","YES","NO","NO","NO","NO","LINESTRING (-122.393618075 37.783077854, -122.39329722 37.782821345)","3"
"819","383000","7TH ST","HUBBELL ST","DAGGETT ST","CLASS IV","2W",,"SAFE-HIT POSTS",,"N","0","0","0","7th St","0.06416222","23",,"2,019","7","2001",,"SEPARATED BIKEWAY","0","NO","NO","NO","NO","NO","YES","LINESTRING (-122.396653409 37.767825156, -122.39582644 37.767165957)","3"
"4395","7051000","HOWARD ST","8TH ST","9TH ST","CLASS IV","1W","GREEN PAINT","PARKING; SAFE-HIT POSTS",,"W","0","0","0","Howard St","0.12015725","23",,"2,018","12","1997",,"SEPARATED BIKEWAY","0","NO","NO","NO","NO","NO","N/A","LINESTRING (-122.411606113 37.776221356, -122.413161109 37.774991752)","3"
"3590","5664000","FOLSOM ST","4TH ST","5TH ST","CLASS IV","1W","GREEN PAINT","PARKING; SAFE-HIT POSTS",,"E","0","2,014","0","Folsom St","0.17201448","30",,"2,021","5","1997",,"SEPARATED BIKEWAY","0","NO","NO","NO","NO","NO","NO","LINESTRING (-122.401159719 37.782024267, -122.403387209 37.780264972)","3"
"7695","5655000","FOLSOM ST","FREMONT ST","GROTE PL","CLASS IV","2W","GREEN PAINT","PARKING; SAFE-HIT POSTS",,"W","1","0","0","Folsom St","0.02816261","30",,"2,020","12","2000",,"SEPARATED BIKEWAY","0","NO","NO","NO","NO","NO","NO","LINESTRING (-122.393597164 37.787996309, -122.39396192 37.7877083)","3"
"354","3240201","BROTHERHOOD WAY","ARCH ST","JUNIPERO SERRA BLVD ON RAMP","CLASS IV","2W",,"SAFE-HIT POSTS",,"W","0","0","0","Brotherhood Way","0.16352147","20",,"2,021","5","1997",,"SEPARATED BIKEWAY","0","NO","NO","NO","NO","NO","NO","LINESTRING (-122.467072691 37.712421872, -122.46719156 37.712477013, -122.468018112 37.712454562, -122.468669736 37.712524193, -122.469304124 37.712647428)","0"
"5210","4218000","CLIPPER ST","CLIPPER TERR","HIGH ST","CLASS IV","2W",,"SAFE-HIT POSTS",,"E","1","0","0","Clipper St","0.05873053","60",,"2,020","2","2009",,"SEPARATED BIKEWAY","0","NO","NO","NO","NO","NO","NO","LINESTRING (-122.442519009 37.748183216, -122.442584207 37.748079345, -122.443161821 37.747504352)","3"
"5764","6816000","HAYES ST","OCTAVIA BLVD NB","OCTAVIA BLVD SB","CLASS IV","2W","GREEN PAINT","SAFE-HIT POSTS","seg is two split and merged segs","W","0","2,019",,"Hayes St","0.01444928",,"1",,,"2020",,"SEPARATED BIKEWAY","0","NO","NO","YES","NO","NO","NO","LINESTRING (-122.424362578 37.776706843, -122.424623184 37.776673586)","3"
"917","7029000","HOWARD ST","SPEAR ST","MAIN ST","CLASS IV","2W","GREEN PAINT","PARKING; SAFE-HIT POSTS",,"W","1","0","0","Howard St","0.06823982","30",,"2,020",,"2012",,"SEPARATED BIKEWAY","0","NO","NO","NO","NO","NO","NO","LINESTRING (-122.392524623 37.791310971, -122.393407939 37.79061267)","3"
"71","13057001","VALENCIA ST","14TH","ROSA PARKS LN","CLASS IV","2W","GREEN PAINT","PARKING; SAFE-HIT POSTS",,"N","0","0","0","Valencia St","0.04612132","45",,"2,019","5","1999",,"SEPARATED BIKEWAY","0","NO","NO","NO","NO","NO","YES","LINESTRING (-122.422199174 37.768139683, -122.422134435 37.767472922)","3"
"12493","8053101","LAKE MERCED BLVD","LAKE MERCED HILL","UNNAMED #129","CLASS IV","2W",,"CONCRETE; SAFE-HIT POSTS",,"N","0","0","0","Lake Merced Blvd","0.14439364","885","1","2,026","1","2025",,"SEPARATED BIKEWAY","0","NO","NO","NO","NO","NO","NO","LINESTRING (-122.485383501 37.711318668, -122.485332641 37.710318074, -122.48515701 37.70949415, -122.485136377 37.709238075)","3"
"1310","2152000","ALEMANY BLVD","PUTNAM ST","INDUSTRIAL ST OFF RAMP","CLASS IV","2W","GREEN PAINT","SAFE-HIT POSTS",,"E","0","0","0","Alemany Blvd","0.16898192","45",,"2,021","1","2011",,"SEPARATED BIKEWAY","0","NO","NO","NO","NO","NO","NO","LINESTRING (-122.408169098 37.735859113, -122.408432847 37.735818594, -122.408870299 37.735739444, -122.409150576 37.735647421, -122.409401644 37.735548664, -122.409629895 37.73542667, -122.409864267 37.735269771, -122.410599912 37.734769332, -122.410829501 37.734732915)","3"
"67","10556000","POLK ST","WILLOW ST","ELLIS ST","CLASS IV","2W","GREEN PAINT; GREEN-BACKED SHARROWS","SAFE-HIT POSTS",,"N","0","0","0","Polk St","0.0322023","25",,"2,019","5","2000",,"SEPARATED BIKEWAY","1","NO","NO","NO","NO","NO","YES","LINESTRING (-122.419273432 37.783567785, -122.419364168 37.784029116)","3"
"7687","12552101","THE EMBARCADERO","HOWARD ST","MISSION ST","CLASS IV","2W",,"CONCRETE; SAFE-HIT POSTS",,"N","1",,,"The Embarcadero","0.1196433",,,"2,020","11","2001",,"SEPARATED BIKEWAY","0","NO","NO","NO","NO","NO","NO","LINESTRING (-122.391086535 37.792445, -122.39249933 37.793768814)","3"
"4607","291000","5TH ST","MINT PLZ","JESSIE ST","CLASS IV","2W",,"SAFE-HIT POSTS",,"N","0","0","0","5th St","0.01308587","61",,"2,020","3","2009",,"SEPARATED BIKEWAY","0","NO","NO","NO","NO","NO","YES","LINESTRING (-122.407184628 37.783291992, -122.407015678 37.78315775)","3"
"4117","366001","7TH ST","STEVENSON ST","JESSIE ST","CLASS IV","1W","GREEN PAINT","SAFE-HIT POSTS",,"N","0","2,017","4","7th St","0.03484481","23",,"2,017","5","2006",,"SEPARATED BIKEWAY","0","NO","NO","NO","NO","NO","YES","LINESTRING (-122.411933409 37.780005869, -122.411484146 37.779647942)","3"
"11213","2763000","BATTERY ST","BROADWAY","VALLEJO ST","CLASS IV","1W",,"SAFE-HIT POSTS",,"S",,,,"Battery St","0.06642497",,"1",,,"2023",,"SEPARATED BIKEWAY","0","NO","NO","NO","NO","NO","NO","LINESTRING (-122.401064499 37.798585054, -122.401253448 37.799536447)","3"
"637","8843201","MASONIC AVE","GEARY BLVD","ANZA ST","CLASS IV","2W","GREEN PAINT","CONCRETE",,"S","1",,,"Masonic Ave","0.09737966","55",,"2,018","8",,,"SEPARATED BIKEWAY","0","NO","YES","NO","NO","NO","YES","LINESTRING (-122.447301513 37.782391642, -122.447450899 37.782195218, -122.447637302 37.781719178, -122.447679269 37.781510025, -122.447602891 37.781140917, -122.447517982 37.781069512)","3"
"157","15049000","16TH ST","ILLINOIS ST","TERRY FRANCOIS BLVD","CLASS IV","2W","GREEN PAINT","PARKING; SAFE-HIT POSTS",,"W","0","20","2","16th St","0.11135753",,"1",,,"2020",,"SEPARATED BIKEWAY","0","NO","NO","NO","NO","NO","NO","LINESTRING (-122.38613562 37.767075978, -122.388164137 37.766957911)","3"
"11843","14087101","AVENUE OF THE PALMS","CLIPPER COVE","MACALLA RD","CLASS IV","2W","GREEN PAINT","CONCRETE",,"S",,,,"Avenue of the Palms","0.19556318",,"1",,,"2023",,"SEPARATED BIKEWAY","0","NO",,,,,,"LINESTRING (-122.371031538 37.813223805, -122.371081051 37.813330901, -122.371015392 37.813567266, -122.370976166 37.813721681, -122.370954397 37.813849562, -122.370930325 37.814019928, -122.370926661 37.814234777, -122.370941129 37.814448599, -122.370975398 37.814635017, -122.371024183 37.814859988, -122.371089131 37.815046801, -122.371196055 37.815282542, -122.371285211 37.81543348, -122.37162008 37.815931899)","3"
"12802","182000","3RD ST","BERRY ST","CHANNEL ST","CLASS IV","2W","GREEN PAINT","PARKING; SAFE-HIT POSTS","Split a CNN for accuracy","S","1","0","0","3rd St","0.07627142","5",,"2,024","3","2010",,"SEPARATED BIKEWAY","1","NO","NO","YES","NO","NO","NO","LINESTRING (-122.391121418 37.777553277, -122.390953522 37.777418876, -122.390639284 37.777173064)","3"
"828","131000","2ND ST","JESSIE ST","MISSION ST","CLASS IV","2W","GREEN PAINT","PARKING; SAFE-HIT POSTS",,"S","1","0","0","2nd St","0.04233889","61",,"2,019","4","0",,"SEPARATED BIKEWAY","0","NO","YES","NO","NO","NO","NO","LINESTRING (-122.40034385 37.788442163, -122.399798024 37.788007161)","3"
"3274","376000","7TH ST","BRANNAN ST","TOWNSEND ST","CLASS IV","2W","GREEN PAINT","PARKING; SAFE-HIT POSTS",,"N","0","0","0","7th St","0.1201177","23",,"2,020","7","1998",,"SEPARATED BIKEWAY","0","NO","NO","NO","NO","NO","YES","LINESTRING (-122.403205081 37.773051102, -122.401656681 37.771817126)","3"
"110","10549000","POLK ST","GROVE ST","MC ALLISTER ST","CLASS IV","2W","GREEN PAINT","SAFE-HIT POSTS",,"S","1","2,014","4","Polk St","0.12382818","25",,"2,024","10","2000",,"SEPARATED BIKEWAY","0","NO","NO","NO","NO","NO","NO","LINESTRING (-122.418226582 37.778489117, -122.418598509 37.780260133)","3"
"728","8754101","MARKET ST","POLK ST","11TH ST","CLASS IV","2W","GREEN PAINT","SAFE-HIT POSTS",,,"0","0","0","Market St","0.09230205","2",,"2,011","5","2004",,"SEPARATED BIKEWAY","0","NO","NO","NO","NO","NO","N/A","LINESTRING (-122.417501462 37.776540894, -122.41868359 37.775586569)","3"
"1098","7988201","LAGUNA HONDA BLVD","7TH AV","CLARENDON AV","CLASS IV","2W",,"SAFE-HIT POSTS",,"S","1","0","0","Laguna Honda Blvd","0.27532923","40",,"2,017","6","1997",,"SEPARATED BIKEWAY","0","NO","NO","NO","NO","NO","NO","LINESTRING (-122.463627291 37.754788065, -122.463685561 37.754595347, -122.463802799 37.754145106, -122.463804487 37.753811246, -122.463742127 37.753610795, -122.463611268 37.753318489, -122.463365458 37.752994714, -122.46314165 37.752764761, -122.462752573 37.75247437, -122.462442081 37.752202938, -122.462149909 37.751885895, -122.461832767 37.751646762, -122.46161687 37.751545438, -122.461523603 37.751503561)","3"
"1760","12553201","THE EMBARCADERO","MISSION ST","WASHINGTON ST","CLASS IV","2W","GREEN PAINT","SAFE-HIT POSTS",,"S","1","0","0","The Embarcadero","0.25657729","5",,"2,022","3","2004",,"SEPARATED BIKEWAY","0","YES","NO","YES","NO","NO","NO","LINESTRING (-122.39249933 37.793768814, -122.395406648 37.796687324)","3"
"96","10551000","POLK ST","REDWOOD ST","GOLDEN GATE AV","CLASS IV","2W","GREEN PAINT; GREEN-BACKED SHARROWS","SAFE-HIT POSTS",,"N","0","0","0","Polk St","0.03236689","25",,"2,019","5","2005",,"SEPARATED BIKEWAY","1","NO","NO","NO","NO","NO","YES","LINESTRING (-122.418708904 37.780773161, -122.41880845 37.781235767)","3"
"44","7038000","HOWARD ST","3RD ST","4TH ST","CLASS IV","1W","GREEN PAINT; KHAKII PAINT","PARKING; SAFE-HIT POSTS",,"W","0","0","0","Howard St","0.1730554","30",,"2,019","11","1997",,"SEPARATED BIKEWAY","1","NO","NO","NO","NO","NO","YES","LINESTRING (-122.400468484 37.785030284, -122.402708154 37.783259236)","3"
"3493","413000","8TH ST","RINGOLD ST","HERON ST","CLASS IV","1W","GREEN PAINT","PARKING; SAFE-HIT POSTS",,"S","0","0","0","8th St","0.03512695","30",,"2,017","7","2005",,"SEPARATED BIKEWAY","0","NO","NO","NO","NO","NO","YES","LINESTRING (-122.409519521 37.774552166, -122.409062375 37.774194756)","3"
"4842","4219000","CLIPPER ST","HIGH ST","CLIPPER ST","CLASS IV","2W",,"SAFE-HIT POSTS",,"W","0","0","0","Clipper St","0.06717777","50",,"2,020","2","2009",,"SEPARATED BIKEWAY","1","NO","NO","NO","NO","NO","NO","LINESTRING (-122.443161821 37.747504352, -122.443960753 37.746765217)","3"
"8026","11367000","SAN BRUNO AVE","HUNTER ST","RICKARD ST","CLASS IV","2W",,"SAFE-HIT POSTS",,"S",,,,"San Bruno Ave","0.05378099",,"1",,,"2021",,"SEPARATED BIKEWAY","0","NO","NO","NO","NO","NO","NO","LINESTRING (-122.407284794 37.735201275, -122.407138131 37.735060454, -122.406815947 37.734521007)","1"
"4671","778000","17TH ST","CAROLINA ST","WISCONSIN ST","CLASS IV","2W",,"SAFE-HIT POSTS",,"E","0","2,017","3","17th St","0.05331797","0","3","2,024","6","2017",,"SEPARATED BIKEWAY","0","NO","NO","NO","NO","NO","NO","LINESTRING (-122.399662287 37.764956094, -122.40063332 37.764897507)","3"
"3271","781000","17TH ST","KANSAS ST","RHODE ISLAND ST","CLASS IV","2W",,"SAFE-HIT POSTS",,"W","1","2,017","3","17th St","0.05291216","0","3","2,024","6","2017",,"SEPARATED BIKEWAY","0","NO","NO","NO","NO","NO","NO","LINESTRING (-122.402563397 37.764781034, -122.403527035 37.76472287)","3"
"1953","2157103","ALEMANY BLVD","CONGDON ST","STONYBROOK AVE","CLASS IV","1W",,"SAFE-HIT POSTS",,"E","0","0","0","Alemany Blvd","0.24587729","45",,"0",,"2011",,"SEPARATED BIKEWAY","0","NO","NO","NO","NO","NO","N/A","LINESTRING (-122.426176772 37.731168287, -122.425778215 37.731087502, -122.424970718 37.731052977, -122.423717302 37.731103302, -122.422259613 37.731250228, -122.421731306 37.731354661)","3"
"2030","6431201","GREAT HWY HWY","POINT LOBOS AV","BALBOA ST","CLASS IV","2W",,"SAFE-HIT POSTS",,"N","1","0","0","Great Hwy","0.12235791","95",,"0",,"2013",,"SEPARATED BIKEWAY","0","NO","NO","NO","NO","NO","YES","LINESTRING (-122.511938326 37.77675619, -122.51181818 37.776565733, -122.511735673 37.776439457, -122.511623583 37.776260047, -122.511532255 37.776061088, -122.511473148 37.775892037, -122.511427053 37.775575546, -122.511403014 37.775368244, -122.511353859 37.775226344, -122.511294925 37.775075961)","3"
"83","10560000","POLK ST","MYRTLE ST","GEARY ST","CLASS IV","2W","GREEN PAINT","SAFE-HIT POSTS",,"N","0","0","0","Polk St","0.03218238","20",,"2,019","5","2003",,"SEPARATED BIKEWAY","0","NO","NO","NO","NO","NO","YES","LINESTRING (-122.419638989 37.785433036, -122.419738735 37.785892901)","3"
"11842","14087201","AVENUE OF THE PALMS","CLIPPER COVE","MACALLA RD","CLASS IV","2W",,"CONCRETE",,"N",,,,"Avenue of the Palms","0.19906452",,"1",,,"2023",,"SEPARATED BIKEWAY","0","NO","NO","NO","NO","NO","NO","LINESTRING (-122.371031538 37.813223805, -122.370957787 37.813302056, -122.370882116 37.813577445, -122.370852739 37.813711157, -122.370815786 37.81398992, -122.37080791 37.814139492, -122.370814906 37.814339872, -122.370883692 37.815073421, -122.370917635 37.815214136, -122.371009712 37.815496585, -122.371115185 37.815698269, -122.371315877 37.815989807, -122.371328927 37.816006306)","3"
"2664","782000","17TH ST","KANSAS ST","VERMONT ST","CLASS IV","2W",,"SAFE-HIT POSTS",,"E","1","0","0","17th St","0.0532584","40",,"2,024","6","2011",,"SEPARATED BIKEWAY","0","NO","NO","NO","NO","NO","YES","LINESTRING (-122.403527035 37.764722871, -122.404496977 37.764664317)","3"
"4113","10549000","POLK ST","GROVE ST","MC ALLISTER ST","CLASS IV","2W","GREEN PAINT","SAFE-HIT POSTS",,"N","0","2,014","4","Polk St","0.12382818","25",,"2,024","10","2000",,"SEPARATED BIKEWAY","0","NO","NO","NO","NO","NO","NO","LINESTRING (-122.418226582 37.778489117, -122.418598509 37.780260133)","3"
"2152","141000","2ND ST","STILLMAN ST","BRYANT ST","CLASS IV","2W","GREEN PAINT","PARKING; SAFE-HIT POSTS",,"N","1","0","0","2nd St","0.04136652","11",,"2,021","5","0",,"SEPARATED BIKEWAY","0","NO","YES","NO","NO","NO","NO","LINESTRING (-122.394150515 37.783503509, -122.393618075 37.783077854)","3"
"2406","7056000","HOWARD ST","10TH ST","11TH ST","CLASS IV","1W","GREEN PAINT","PARKING; SAFE-HIT POSTS",,"W","0","0","0","Howard St","0.0921835","30",,"2,018","12","1971",,"SEPARATED BIKEWAY","0","NO","NO","NO","NO","NO","YES","LINESTRING (-122.414367691 37.774043328, -122.41556139 37.773100588)","3"
"1728","7045000","HOWARD ST","RUSS ST","MOSS ST","CLASS IV","1W","GREEN PAINT","PARKING; SAFE-HIT POSTS",,"W","0","0","0","Howard St","0.04342718","30",,"2,018","12","2005",,"SEPARATED BIKEWAY","0","NO","NO","NO","NO","NO","N/A","LINESTRING (-122.408271589 37.778860687, -122.408832677 37.778415536)","3"
"2723","11475000","SAN JOSE AVE ON RAMP","MONTEREY BLVD","SAN JOSE AVE ON RAMP","CLASS IV","2W",,"SAFE-HIT POSTS",,"E","0","2,014","4","San Jose Ave","0.20497703","70",,"2,014",,"2010",,"SEPARATED BIKEWAY","0","NO","NO","NO","NO","NO","YES","LINESTRING (-122.435457687 37.732093484, -122.435153775 37.732115849, -122.434644434 37.732322139, -122.434336111 37.732325371, -122.434067364 37.732224782, -122.433767518 37.732150049, -122.433378343 37.732194646, -122.4330202 37.732404311, -122.432305383 37.732891318, -122.432172318 37.732969607)","3"
"1197","788000","17TH ST","BRYANT ST","FLORIDA ST","CLASS IV","2W",,"SAFE-HIT POSTS",,"E","1","0","0","17th St","0.05306625","40",,"2,018","5","2012",,"SEPARATED BIKEWAY","0","NO","NO","NO","NO","NO","YES","LINESTRING (-122.410363748 37.764309985, -122.41133018 37.764251587)","3"
"4454","2474000","CESAR CHAVEZ ST","MISSISSIPPI ST","MISSOURI ST","CLASS IV","2W","GREEN PAINT","SAFE-HIT POSTS",,"E","1","0","0","Cesar Chavez St","0.1080224","7",,"0",,"2012",,"SEPARATED BIKEWAY","0","NO","NO","NO","NO","NO","YES","LINESTRING (-122.393340266 37.749915158, -122.395307863 37.749803786)","3"
"861","137000","2ND ST","CLEMENTINA ST","FOLSOM ST","CLASS IV","2W","GREEN PAINT","PARKING; SAFE-HIT POSTS",,"N","1","0","0","2nd St","0.04105845","11",,"2,019","4","0",,"SEPARATED BIKEWAY","0","NO","NO","NO","NO","NO","NO","LINESTRING (-122.39723446 37.785963991, -122.396705177 37.78554213)","3"
"1540","13059000","VALENCIA ST","SPARROW ST","16TH ST","CLASS IV","2W","GREEN PAINT","PARKING; SAFE-HIT POSTS","CR implemented 8/2023; SR implemented 5/2025","N","0","0","0","Valencia St","0.05557076","45",,"2,025","5","2005",,"SEPARATED BIKEWAY","0","NO","NO","NO","NO","NO","N/A","LINESTRING (-122.421964312 37.765720755, -122.421886446 37.764917378)","3"
"1306","2755000","BATTERY ST","HALLECK ST","SACRAMENTO ST","CLASS IV","1W",,"SAFE-HIT POSTS",,"S","0","0","0","Battery St","0.03079143","11",,"2,023","1","2010",,"SEPARATED BIKEWAY","0","NO","NO","NO","NO","NO","NO","LINESTRING (-122.40005826 37.793693588, -122.400148778 37.794134235)","3"
"140","12559201","THE EMBARCADERO","CHESTNUT ST","BAY ST","CLASS IV","2W","GREEN PAINT","SAFE-HIT POSTS",,"S","1","0","0","The Embarcadero","0.16099985","5",,"2,019","8","1999",,"SEPARATED BIKEWAY","0","NO","NO","NO","NO","NO","NO","LINESTRING (-122.403433187 37.805189278, -122.404600594 37.806021102, -122.405726664 37.806644587)","3"
"1453","2757000","BATTERY ST","COMMERCIAL ST","CLAY ST","CLASS IV","1W",,"SAFE-HIT POSTS",,"S","0","0","0","Battery St","0.03060006","11",,"2,023","1","2010",,"SEPARATED BIKEWAY","0","NO","NO","NO","NO","NO","NO","LINESTRING (-122.400239374 37.794575242, -122.400329333 37.79501315)","3"
"1574","12719000","TURK ST","HYDE ST","LEAVENWORTH ST","CLASS IV","1W","GREEN PAINT; GREEN-BACKED SHARROWS","SAFE-HIT POSTS",,"W","0",,,"Turk St","0.09092968",,"4",,,"2018",,"SEPARATED BIKEWAY","1","NO","NO","NO","NO","NO","YES","LINESTRING (-122.414053765 37.782794446, -122.415693872 37.782585033)","3"
"3491","2475000","CESAR CHAVEZ ST","MISSOURI ST","CONNECTICUT ST","CLASS IV","2W","GREEN PAINT","SAFE-HIT POSTS",,"W","0","0","0","Cesar Chavez St","0.05303444","60",,"0",,"2012",,"SEPARATED BIKEWAY","0","NO","NO","NO","NO","NO","YES","LINESTRING (-122.395307863 37.749803786, -122.396273544 37.7497456)","3"
"10561","19985000","4TH ST","MISSION BAY BLVD","MISSION BAY BLVD","CLASS IV","2W",,"SAFE-HIT POSTS",,"S","1",,,"4th St","0.031347",,,"2,021","11","2011",,"SEPARATED BIKEWAY","0","NO","NO","NO","NO","NO","NO","LINESTRING (-122.391199349 37.771009192, -122.391156018 37.770555976)","0"
"1419","10547000","POLK ST","HAYES ST","LECH WALESA ST","CLASS IV","1W","GREEN PAINT","SAFE-HIT POSTS",,"S","1","2,014","4","Polk St","0.03208089","95",,"2,021","11","2000",,"SEPARATED BIKEWAY","0","NO","NO","NO","NO","NO","YES","LINESTRING (-122.418043167 37.777511711, -122.418138569 37.777970664)","3"
"681","7044000","HOWARD ST","HARRIET ST","RUSS ST","CLASS IV","1W","GREEN PAINT","PARKING; SAFE-HIT POSTS",,"W","0","0","0","Howard St","0.04479449","23",,"2,018","12","2000",,"SEPARATED BIKEWAY","0","NO","NO","NO","NO","NO","N/A","LINESTRING (-122.407691083 37.779318461, -122.408271589 37.778860687)","3"
"1215","375000","7TH ST","BRYANT ST","BRANNAN ST","CLASS IV","1W","GREEN PAINT","PARKING; SAFE-HIT POSTS",,"N","0","0","0","7th St","0.11972675","30",,"2,020","7","1999",,"SEPARATED BIKEWAY","0","NO","NO","NO","NO","NO","YES","LINESTRING (-122.404748493 37.774281041, -122.403205081 37.773051102)","3"
"1965","2813000","BAYSHORE BLVD","WOOLSEY ST","PAUL AV","CLASS IV","2W",,"SAFE-HIT POSTS",,"S","0","0","0","Bayshore Blvd","0.13642222","25",,"0",,"2014",,"SEPARATED BIKEWAY","0","NO","NO","NO","NO","NO","YES","LINESTRING (-122.40147124 37.725516289, -122.401182918 37.724588255, -122.400784748 37.723616209)","3"
"2050","306000","5TH ST","BRANNAN ST","BLUXOME ST","CLASS IV","2W",,"SAFE-HIT POSTS",,"N","0","0","0","5th St","0.06100925","61",,"2,020","3","2009",,"SEPARATED BIKEWAY","0","NO","NO","NO","NO","NO","YES","LINESTRING (-122.39875545 37.776568382, -122.397969477 37.775941221)","3"
"2781","2477000","CESAR CHAVEZ ST","EVANS AV","KANSAS ST","CLASS IV","2W","GREEN PAINT","SAFE-HIT POSTS",,"W","0","0","0","Cesar Chavez St","0.26230783","60",,"0",,"2012",,"SEPARATED BIKEWAY","0","NO","NO","NO","NO","NO","YES","LINESTRING (-122.397285416 37.749684623, -122.402061635 37.749396679)","3"
"2454","5684000","FOLSOM ST","NORFOLK ST","12TH ST","CLASS IV","2W","GREEN PAINT","PARKING; SAFE-HIT POSTS",,"E","1","0","0","Folsom St","0.04351754","30",,"2,018","3","2003",,"SEPARATED BIKEWAY","0","NO","NO","NO","NO","NO","YES","LINESTRING (-122.414526088 37.771404651, -122.414996655 37.770896109)","3"
"8014","7037000","HOWARD ST","3RD ST","HAWTHORNE ST","CLASS IV","1W","GREEN PAINT","PARKING; SAFE-HIT POSTS",,"W",,,,"Howard St","0.08491097",,,"2,020","12","2005",,"SEPARATED BIKEWAY","0","NO","NO","NO","NO","NO","NO","LINESTRING (-122.399369534 37.785899248, -122.400468484 37.785030285)","3"
"2386","3419000","BUSH ST","BATTERY ST","MARKET ST","CLASS IV","1W",,"SAFE-HIT POSTS",,"S","0","0","0","Battery St","0.03271847","11","1",,,"2023",,"SEPARATED BIKEWAY","0","NO","NO","NO","NO","NO","NO","LINESTRING (-122.399148599 37.791016649, -122.399494165 37.791324916, -122.39957203 37.791326533)","3"
"209","6259000","GOLDEN GATE AVE","JONES ST","MARKET ST","CLASS IV","1W",,"SAFE-HIT POSTS",,"E",,"0","0","Golden Gate Ave","0.10678782","0","6","2,024","7","2016",,"SEPARATED BIKEWAY","0","NO","NO","NO","NO","NO","NO","LINESTRING (-122.410292027 37.782230575, -122.410696655 37.782267374, -122.412220736 37.782073068)","0"
"3886","144000","2ND ST","FEDERAL ST","SOUTH PARK","CLASS IV","2W","GREEN PAINT","SAFE-HIT POSTS",,"S","0","0","0","2nd St","0.01871385","11",,"2,021","5","0",,"SEPARATED BIKEWAY","0","NO","YES","NO","NO","NO","NO","LINESTRING (-122.393082475 37.782649664, -122.392841608 37.7824571)","3"
"1530","2810000","BAYSHORE BLVD","PHELPS ST","FITZGERALD AV","CLASS IV","2W",,"CONCRETE; SAFE-HIT POSTS",,"S","0","0","0","Bayshore Blvd","0.05827239","25",,"2,017","8","2014",,"SEPARATED BIKEWAY","0","NO","NO","NO","NO","NO","YES","LINESTRING (-122.40210512 37.727789703, -122.401875118 37.726964759)","3"
"3311","775000","17TH ST","CONNECTICUT ST","MISSOURI ST","CLASS IV","2W","GREEN PAINT","PARKING; SAFE-HIT POSTS",,"W","1","2,017","3","17th St","0.05306843","0","3","2,024","6","2017",,"SEPARATED BIKEWAY","0","NO","NO","NO","NO","NO","NO","LINESTRING (-122.39677089 37.765130496, -122.397737383 37.765072208)","3"
"2798","774000","17TH ST","MISSOURI ST","TEXAS ST","CLASS IV","2W",,"SAFE-HIT POSTS",,"W","1","2,017","3","17th St","0.05293761","0","3","2,024","6","2017",,"SEPARATED BIKEWAY","0","NO","NO","NO","NO","NO","NO","LINESTRING (-122.395806778 37.765188633, -122.39677089 37.765130496)","3"
"7041","2953000","BERRY ST","3RD ST","4TH ST","CLASS IV","1W",,"SAFE-HIT POSTS","Made permanent through MTAB in 2020","W","0","2,019",,"Berry St","0.17258515",,"1",,,"2020",,"SEPARATED BIKEWAY","0","NO","NO","YES","NO","NO","NO","LINESTRING (-122.391121419 37.777553277, -122.393355125 37.775787316)","0"
"1778","2809000","BAYSHORE BLVD","BACON ST","PHELPS ST","CLASS IV","2W",,"CONCRETE; SAFE-HIT POSTS",,"S","1","0","0","Bayshore Blvd","0.0222782","5",,"2,017","8","2014",,"SEPARATED BIKEWAY","0","NO","NO","NO","NO","NO","YES","LINESTRING (-122.402209197 37.728101973, -122.40210512 37.727789703)","3"
"133","11561000","SANSOME ST","LOMBARD","THE EMBARCADERO","CLASS IV","1W",,"SAFE-HIT POSTS",,"N","0",,,"Sansome St","0.08098792",,"8",,,"2019",,"SEPARATED BIKEWAY","0","NO","NO","NO","NO","NO","NO","LINESTRING (-122.40334871 37.804030126, -122.403521781 37.804934384, -122.403435725 37.805184902)","1"
"768","8752202","MARKET ST","HAYES ST","LARKIN ST","CLASS IV","2W","GREEN PAINT","SAFE-HIT POSTS",,,"1","0","0","Market St","0.02885363","2",,"2,011","5","2001",,"SEPARATED BIKEWAY","0","NO","NO","NO","NO","NO","N/A","LINESTRING (-122.415925978 37.777795113, -122.416291702 37.777493842)","3"
"855","135000","2ND ST","HOWARD ST","TEHAMA ST","CLASS IV","2W","GREEN PAINT","PARKING; SAFE-HIT POSTS",,"N","1","0","0","2nd St","0.04285689","11",,"2,019","4","0",,"SEPARATED BIKEWAY","0","NO","YES","NO","NO","NO","NO","LINESTRING (-122.398256963 37.78677895, -122.397704485 37.786338615)","3"
"3888","13071000","VALENCIA ST","22ND ST","23RD ST","CLASS IV","2W","GREEN PAINT","PARKING; SAFE-HIT POSTS","CR implemented 8/2023; SR implemented 5/2025","N","0","0","0","Valencia St","0.11008962","25",,"2,025","5","1996",,"SEPARATED BIKEWAY","0","NO","NO","NO","YES","NO","NO","LINESTRING (-122.420964092 37.755294782, -122.420812136 37.753703094)","3"
"4292","777000","17TH ST","WISCONSIN ST","ARKANSAS ST","CLASS IV","2W",,"SAFE-HIT POSTS",,"E","0","2,017","3","17th St","0.05265283","0","3","2,024","6","2017",,"SEPARATED BIKEWAY","0","NO","NO","NO","NO","NO","NO","LINESTRING (-122.398703366 37.765013942, -122.399662287 37.764956094)","3"
"3813","293000","5TH ST","MISSION ST","MINNA ST","CLASS IV","2W","GREEN-BACKED SHARROWS","SAFE-HIT POSTS",,"N","0","0","0","5th St","0.04245145","61",,"2,020","3","2009",,"SEPARATED BIKEWAY","1","NO","NO","NO","NO","NO","YES","LINESTRING (-122.406479403 37.782731636, -122.405931329 37.782296141)","3"
"142","3692101","CARGO WAY","MENDELL ST","JENNINGS ST","CLASS IV","2W",,"CONCRETE; SAFE-HIT POSTS",,"E","1","0","0","Cargo Way","0.43025887","M",,,,"2012",,"SEPARATED BIKEWAY","0","NO","NO","YES","NO","NO","N/A","LINESTRING (-122.376847336 37.740191968, -122.376998233 37.74020718, -122.381980326 37.743035228, -122.3830742 37.743775589, -122.38311822 37.743883336)","3"
"10574","13403000","WASHINGTON ST","THE EMBARCADERO","DRUMM ST","CLASS IV","2W",,"PARKING; SAFE-HIT POSTS",,"W",,,,"Washington Street","0.08834202",,"3",,,"2022",,"SEPARATED BIKEWAY","0","YES","NO","NO","NO","NO","NO","LINESTRING (-122.39540527 37.796682896, -122.395842402 37.796551679, -122.396490944 37.796459567, -122.396957839 37.79634686)","1"
"1078","698000","16TH ST","6TH ST","OWENS ST","CLASS IV","2W",,"SAFE-HIT POSTS",,"W","0",,,"16th St","0.10237743","40",,"2,021","1","1997",,"SEPARATED BIKEWAY","0","NO","NO","NO","NO","NO","NO","LINESTRING (-122.390797169 37.766802442, -122.392661868 37.76669146)","3"
"820","381000","7TH ST","HOOPER ST","IRWIN ST","CLASS IV","2W",,"SAFE-HIT POSTS",,"S","1","0","0","7th St","0.05871669","23",,"2,019","7","2001",,"SEPARATED BIKEWAY","0","NO","NO","NO","NO","NO","YES","LINESTRING (-122.398179218 37.769041378, -122.397422411 37.768438135)","3"
"1842","182000","3RD ST","BERRY ST","CHANNEL ST","CLASS IV","2W",,"SAFE-HIT POSTS","Split a CNN for accuracy","N","0","0","0","3rd St","0.07627142","5",,"2,020","7","2010",,"SEPARATED BIKEWAY","1","NO","NO","NO","NO","NO","NO","LINESTRING (-122.390639284 37.777173064, -122.39042828 37.777008006, -122.390425035 37.77700313, -122.390214567 37.776723442)",
"4172","7177000","ILLINOIS ST","MARIN ST","TULARE ST","CLASS IV","2W",,"SAFE-HIT POSTS",,"S","1",,,"Illinois St","0.07089233","5","6",,,"2011",,"SEPARATED BIKEWAY","0","NO","NO","NO","NO","NO","NO","LINESTRING (-122.386427929 37.749065822, -122.386329061 37.748040914)","3"
"2115","147000","2ND ST","BRANNAN ST","TOWNSEND ST","CLASS IV","2W","GREEN PAINT","PARKING; SAFE-HIT POSTS",,"S","0","0","0","2nd St","0.12044671","11",,"2,021","5","0",,"SEPARATED BIKEWAY","1","NO","YES","NO","NO","NO","NO","LINESTRING (-122.392077449 37.78184617, -122.390527233 37.780606757)","3"
"4010","7027000","HOWARD ST","THE EMBARCADERO","STEUART ST","CLASS IV","2W","GREEN PAINT","PARKING; SAFE-HIT POSTS",,"W","0","0","0","Howard St","0.04306775","30",,"2,020","12","2012",,"SEPARATED BIKEWAY","0","NO","NO","NO","NO","NO","NO","LINESTRING (-122.391086535 37.792445, -122.391645798 37.792005702)","3"
"3527","4845000","DIVISION ST","UTAH ST","10TH ST","CLASS IV","2W","GREEN PAINT","PARKING",,"E","0","0","0","Division St","0.0616949","50",,"2,016","12","2010",,"SEPARATED BIKEWAY","0","NO","NO","NO","NO","NO","NO","LINESTRING (-122.4068824 37.769298558, -122.408007204 37.76924401)","3"
"5218","292000","5TH ST","JESSIE ST","MISSION ST","CLASS IV","2W",,"PARKING; SAFE-HIT POSTS",,"N","0","0","0","5th St","0.04153716","61",,"2,020","3","2009",,"SEPARATED BIKEWAY","0","NO","NO","NO","NO","NO","YES","LINESTRING (-122.407015678 37.78315775, -122.406479403 37.782731636)","3"
"135","7989201","LAGUNA HONDA BLVD","CLARENDON AV","PLAZA ST","CLASS IV","2W",,"SAFE-HIT POSTS","Questionable update date","N","0","0","0","Laguna Honda Blvd","0.20694276","65",,"2,019","7","1999",,"SEPARATED BIKEWAY","0","NO","NO","NO","NO","NO","YES","LINESTRING (-122.461523603 37.751503561, -122.461093377 37.750940736, -122.460588417 37.749899955, -122.460424104 37.749704775, -122.459940569 37.749247839, -122.459625717 37.748941672)","3"
"886","296000","5TH ST","HOWARD ST","TEHAMA ST","CLASS IV","2W",,"SAFE-HIT POSTS",,"N","0","0","0","5th St","0.0411258","61",,"2,020","3","2009",,"SEPARATED BIKEWAY","0","NO","NO","NO","NO","NO","YES","LINESTRING (-122.404933347 37.781499509, -122.404403682 37.781076597)","3"
"6721","10168000","PAGE ST","FRANKLIN ST","MARKET ST","CLASS IV","2W","GREEN PAINT","SAFE-HIT POSTS",,"E","1",,,"Page St","0.02803191",,"2",,,"2020",,"SEPARATED BIKEWAY","0","NO","NO","NO","NO","NO","NO","LINESTRING (-122.420254279 37.774358675, -122.420759893 37.774294398)","3"
"4486","5672000","FOLSOM ST","MOSS ST","7TH ST","CLASS IV","1W","GREEN PAINT","CONCRETE",,"E","0","2,014","0","Folsom St","0.04235248","30",,"2,018","1","2003",,"SEPARATED BIKEWAY","0","NO","NO","NO","NO","NO","YES","LINESTRING (-122.407293681 37.777179298, -122.40784206 37.776746109)","3"
"152","13052101","VALENCIA ST","MARKET ST","MC COPPIN ST","CLASS IV","2W","GREEN PAINT","PARKING; SAFE-HIT POSTS",,"S","0",,,"Valencia St","0.06350199","50",,"2,019","5","2003",,"SEPARATED BIKEWAY","0","NO","NO","NO","NO","NO","YES","LINESTRING (-122.42261969 37.772502818, -122.422642329 37.772259291, -122.422589283 37.771705553, -122.422526343 37.771595103)","3"
"1601","7055000","HOWARD ST","GRACE ST","10TH ST","CLASS IV","1W","GREEN PAINT","PARKING; SAFE-HIT POSTS",,"W","0","0","0","Howard St","0.03273725","30",,"2,018","12","2000",,"SEPARATED BIKEWAY","0","NO","NO","NO","NO","NO","N/A","LINESTRING (-122.413943763 37.774378121, -122.414367691 37.774043328)","3"
"105","10562000","POLK ST","CEDAR ST","POST ST","CLASS IV","2W","GREEN PAINT; SAFE-HIT POSTS","SAFE-HIT POSTS",,"N","0","0","0","Polk St","0.03273109","30",,"2,019","5","1999",,"SEPARATED BIKEWAY","0","NO","NO","NO","NO","NO","YES","LINESTRING (-122.419833091 37.786358951, -122.419927948 37.786827527)","3"
"62","10554000","POLK ST","TURK ST","EDDY ST","CLASS IV","2W","GREEN PAINT","SAFE-HIT POSTS",,"S","1","0","0","Polk St","0.06510905","25",,"2,019","5","2006",,"SEPARATED BIKEWAY","0","NO","NO","NO","NO","NO","YES","LINESTRING (-122.418993273 37.782169271, -122.419181704 37.7831014)","3"
"4613","300001","5TH ST","SHIPLEY ST","JENNIFER PL","CLASS IV","2W",,"SAFE-HIT POSTS",,"S","0","0","0","5th St","0.01060504","61",,"2,020","3","2009",,"SEPARATED BIKEWAY","0","NO","NO","NO","NO","NO","YES","LINESTRING (-122.402840617 37.779828524, -122.402704039 37.779719466)","3"
"836","383000","7TH ST","HUBBELL ST","DAGGETT ST","CLASS IV","2W",,"PARKING; SAFE-HIT POSTS",,"S","1","0","0","7th St","0.06416222","5",,"2,019","7","2001",,"SEPARATED BIKEWAY","0","NO","NO","NO","NO","NO","YES","LINESTRING (-122.396653409 37.767825156, -122.39582644 37.767165957)","3"
"3675","13065000","VALENCIA ST","19TH ST","CUNNINGHAM PL","CLASS IV","2W","GREEN PAINT","PARKING; SAFE-HIT POSTS","CR implemented 8/2023; SR implemented 5/2025","N","0","0","0","Valencia St","0.0504113","45",,"2,025","5","1995",,"SEPARATED BIKEWAY","0","NO","NO","NO","YES","NO","NO","LINESTRING (-122.421425212 37.760101293, -122.421355417 37.759372454)","3"
"708","11439103","SAN JOSE AVE","MILTON ST","ROUSSEAU ST","CLASS IV","2W",,"SAFE-HIT POSTS",,"E","1","0","0","San Jose Ave","0.05152321","25",,"2,014",,"2010",,"SEPARATED BIKEWAY","0","NO","NO","NO","NO","NO","YES","LINESTRING (-122.429566945 37.734323179, -122.429661038 37.734270903, -122.4303685 37.733932558)","3"
"130","13054000","VALENCIA ST","DUBOCE AV","CLINTON PARK","CLASS IV","2W","GREEN PAINT","PARKING; SAFE-HIT POSTS",,"S","0","0","0","Valencia St","0.04080921","45",,"2,019","5","2000",,"SEPARATED BIKEWAY","0","NO","NO","NO","NO","NO","YES","LINESTRING (-122.422364819 37.769867698, -122.422308302 37.769277686)","3"
"12173","8046101","LAKE MERCED BLVD","CLEARFIELD DR","MIDDLEFIELD DR","CLASS IV","2W",,"CONCRETE; SAFE-HIT POSTS",,"E","0","0","0","Lake Merced Blvd","0.25402562","885","3",,,"2024",,"SEPARATED BIKEWAY","0","NO","NO","NO","NO","NO","NO","LINESTRING (-122.490546785 37.729652016, -122.490240117 37.730059526, -122.489990172 37.730252773, -122.489574987 37.730398109, -122.489203147 37.730432402, -122.488808018 37.73035742, -122.486552073 37.729585011)","3"
"833","134000","2ND ST","NATOMA ST","HOWARD ST","CLASS IV","2W","GREEN PAINT","CONCRETE; SAFE-HIT POSTS",,"N","1","0","0","2nd St","0.04131725","11",,"2,019","4","0",,"SEPARATED BIKEWAY","1","NO","YES","NO","NO","NO","NO","LINESTRING (-122.3987896 37.787203463, -122.398256963 37.78677895)","3"
"934","8757102","MARKET ST","ROSE ST","HAIGHT ST","CLASS IV","2W","GREEN PAINT","SAFE-HIT POSTS",,"E",,,,"Market St","0.05220442","50",,"2,015","11","2005",,"SEPARATED BIKEWAY","0","NO","YES","NO","NO","NO","YES","LINESTRING (-122.421232156 37.77352338, -122.421825039 37.773057441, -122.421941247 37.773036051)","3"
"1120","787000","17TH ST","HAMPSHIRE ST","BRYANT ST","CLASS IV","2W",,"SAFE-HIT POSTS",,"W","0","0","0","17th St","0.10651089","40",,"2,018","5","2012",,"SEPARATED BIKEWAY","0","NO","NO","NO","NO","NO","YES","LINESTRING (-122.408423988 37.764427172, -122.410363748 37.764309985)","3"
"722","297000","5TH ST","TEHAMA ST","CLEMENTINA ST","CLASS IV","2W",,"PARKING; SAFE-HIT POSTS",,"N","0","0","0","5th St","0.03710043","61",,"2,020","3","2009",,"SEPARATED BIKEWAY","0","NO","NO","NO","NO","NO","YES","LINESTRING (-122.404403682 37.781076597, -122.403920882 37.78069905)","3"
"2148","548101","13TH ST","BRYANT ST","HARRISON ST","CLASS IV","2W","GREEN PAINT","PARKING",,"W",,"2,016","2","13th St","0.13452452","0","9",,,"2015",,"SEPARATED BIKEWAY","1","NO","NO","NO","NO","NO","YES","LINESTRING (-122.410931088 37.769411191, -122.41112609 37.769425283, -122.413182685 37.769501385, -122.413385239 37.769502005)","3"
"478","138000","2ND ST","FOLSOM ST","DOW PL","CLASS IV","2W","GREEN PAINT","SAFE-HIT POSTS",,"S","0","0","0","2nd St","0.06279499","11",,"2,021","5","0",,"SEPARATED BIKEWAY","0","NO","YES","NO","NO","NO","NO","LINESTRING (-122.396705177 37.78554213, -122.395895701 37.784896929)","3"
"808","136000","2ND ST","TEHAMA ST","CLEMENTINA ST","CLASS IV","2W","GREEN PAINT","PARKING; SAFE-HIT POSTS",,"N","1","0","0","2nd St","0.0364612","11",,"2,019","4","0",,"SEPARATED BIKEWAY","0","NO","NO","NO","NO","NO","NO","LINESTRING (-122.397704485 37.786338615, -122.39723446 37.785963991)","3"
"2930","7504000","JERROLD AVE","BARNEVELD AVE","JERROLD AVE","CLASS IV","2W","GREEN PAINT; GREEN-BACKED SHARROWS","SAFE-HIT POSTS",,"N","0",,,"Jerrold Ave","0.06420169","25",,"2,018","6","2005",,"SEPARATED BIKEWAY","1","NO","NO","NO","NO","NO","NO","LINESTRING (-122.402698013 37.746334093, -122.403247988 37.747156198)","3"
"54","10559000","POLK ST","O FARRELL ST","MYRTLE ST","CLASS IV","2W","GREEN PAINT","SAFE-HIT POSTS",,"N","0","0","0","Polk St","0.03298571","25",,"2,019","5","2003",,"SEPARATED BIKEWAY","0","NO","NO","NO","NO","NO","YES","LINESTRING (-122.419547854 37.78496026, -122.419638989 37.785433036)","3"
"3899","5662000","FOLSOM ST","3RD ST","MABINI ST","CLASS IV","1W","GREEN PAINT","PARKING; SAFE-HIT POSTS",,"E","0","0","0","Folsom St","0.11150717","23",,"2,021","5","1997",,"SEPARATED BIKEWAY","0","NO","NO","NO","NO","NO","NO","LINESTRING (-122.398930332 37.783784933, -122.400374367 37.782644515)","3"
"2067","409000","8TH ST","HOWARD ST","TEHAMA ST","CLASS IV","1W","GREEN PAINT","CONCRETE; SAFE-HIT POSTS","Transit Boarding Island","S","0","2,017","4","8th St","0.04162459","23",,"2,017","5","2001",,"SEPARATED BIKEWAY","0","NO","NO","NO","NO","NO","YES","LINESTRING (-122.411606113 37.776221356, -122.411069442 37.775793804)","3"
"8016","7033000","HOWARD ST","MALDEN ALLEY","1ST ST","CLASS IV","1W","GREEN PAINT","PARKING; SAFE-HIT POSTS",,"W",,,,"Howard St","0.14661189",,,"2,020","12","2005",,"SEPARATED BIKEWAY","0","NO","NO","NO","NO","NO","NO","LINESTRING (-122.396034766 37.788535931, -122.397932391 37.78703558)","3"
"4069","549203","13TH ST","ISIS ST","FOLSOM ST","CLASS IV","2W","GREEN-BACKED SHARROWS","PARKING",,"W",,"2,016","2","13th St","0.04147258","0","9",,,"2015",,"SEPARATED BIKEWAY","1","NO","NO","NO","NO","NO","NO","LINESTRING (-122.414820762 37.769560581, -122.41538691 37.769579768, -122.415486903 37.769589398, -122.415577015 37.76959116)","3"
"4246","305000","5TH ST","WELSH ST","BRANNAN ST","CLASS IV","2W","GREEN-BACKED SHARROWS","PARKING; SAFE-HIT POSTS",,"S","1","0","0","5th St","0.07817495","11",,"2,020","3","2009",,"SEPARATED BIKEWAY","1","NO","NO","NO","NO","NO","YES","LINESTRING (-122.399762585 37.777371995, -122.39875545 37.776568382)","3"
"4592","292000","5TH ST","JESSIE ST","MISSION ST","CLASS IV","2W",,"SAFE-HIT POSTS",,"S","1","0","0","5th St","0.04153716","61",,"2,020","3","2009",,"SEPARATED BIKEWAY","0","NO","NO","NO","NO","NO","YES","LINESTRING (-122.407015678 37.78315775, -122.406479403 37.782731636)","3"
"2487","13070000","VALENCIA ST","HILL ST","22ND ST","CLASS IV","2W","GREEN PAINT","PARKING; SAFE-HIT POSTS","CR implemented 8/2023; SR implemented 5/2025","S","1","0","0","Valencia St","0.0558181","45",,"2,025","5","2001",,"SEPARATED BIKEWAY","0","NO","NO","NO","YES","NO","NO","LINESTRING (-122.421041141 37.756101806, -122.420964092 37.755294782)","3"
"4556","790000","17TH ST","ALABAMA ST","HARRISON ST","CLASS IV","2W",,"SAFE-HIT POSTS",,"W","0","0","0","17th St","0.04022745","40",,"2,018","5","2012",,"SEPARATED BIKEWAY","0","NO","NO","NO","NO","NO","YES","LINESTRING (-122.412293396 37.764193376, -122.412858998 37.764159191, -122.413002684 37.764090861)","3"
"147","7042000","HOWARD ST","MARY ST","6TH ST","CLASS IV","1W","GREEN PAINT","PARKING; SAFE-HIT POSTS",,"W","0","0","0","Howard St","0.1113356","30",,"2,019","3","2003",,"SEPARATED BIKEWAY","0","NO","NO","NO","NO","NO","N/A","LINESTRING (-122.40571874 37.780878374, -122.407159488 37.779738906)","3"
"122","5683000","FOLSOM ST","11TH ST","NORFOLK ST","CLASS IV","2W","GREEN PAINT","SAFE-HIT POSTS",,"W","0","0","0","Folsom St","0.04183031","30",,"2,018","3","1971",,"SEPARATED BIKEWAY","0","NO","NO","NO","NO","NO","YES","LINESTRING (-122.414026707 37.771863707, -122.414526088 37.771404651)","3"
"143","5684000","FOLSOM ST","NORFOLK ST","12TH ST","CLASS IV","2W","GREEN-BACKED SHARROWS","SAFE-HIT POSTS",,"W","0","0","0","Folsom St","0.04351754","3",,"2,018","3","2003",,"SEPARATED BIKEWAY","1","NO","NO","NO","NO","NO","YES","LINESTRING (-122.414526088 37.771404651, -122.414996655 37.770896109)","3"
"4429","9199000","MISSISSIPPI ST","7TH ST","17TH ST","CLASS IV","2W","GREEN PAINT","CONCRETE",,"N","0","0","0","Mississippi St","0.09166733","23",,"2,025","4","2009",,"SEPARATED BIKEWAY","1","NO","NO","NO","NO","NO","NO","LINESTRING (-122.395060545 37.766544577, -122.394935635 37.766389624, -122.39482876 37.7652476)","1"
"4149","5652000","FOLSOM ST","MAIN ST","BEALE ST","CLASS IV","2W","GREEN PAINT","PARKING; SAFE-HIT POSTS",,"E","0","0","0","Folsom St","0.06674883","30",,"2,020","12","2003",,"SEPARATED BIKEWAY","0","NO","NO","NO","NO","NO","NO","LINESTRING (-122.391858291 37.789369268, -122.392722834 37.788686662)","3"
"1038","143000","2ND ST","TABER PL","FEDERAL ST","CLASS IV","2W","GREEN PAINT","PARKING; SAFE-HIT POSTS",,"N","1","0","0","2nd St","0.01668434","11",,"2,021","5","0",,"SEPARATED BIKEWAY","0","NO","YES","NO","NO","NO","NO","LINESTRING (-122.39329722 37.782821345, -122.393082475 37.782649664)","3"
"2456","13066000","VALENCIA ST","CUNNINGHAM PL","20TH ST","CLASS IV","2W","GREEN PAINT","PARKING; SAFE-HIT POSTS","CR implemented 8/2023; SR implemented 5/2025","N","0","0","0","Valencia St","0.06044783","3",,"2,025","5","1999",,"SEPARATED BIKEWAY","0","NO","NO","NO","YES","NO","NO","LINESTRING (-122.421355417 37.759372454, -122.421271729 37.758498508)","3"
"4373","780000","17TH ST","RHODE ISLAND ST","DE HARO ST","CLASS IV","2W",,"SAFE-HIT POSTS",,"E","0","2,017","3","17th St","0.05295381","0","3","2,024","6","2017",,"SEPARATED BIKEWAY","0","NO","NO","NO","NO","NO","NO","LINESTRING (-122.401598999 37.764839237, -122.402563397 37.764781034)","3"
"5223","7530201","JOHN F KENNEDY DR","STANYAN ST","UNNAMED #133","CLASS IV","2W",,"SAFE-HIT POSTS",,"E","0","0","0","John F Kennedy Dr","0.05766187","330",,"2,021","1","2005",,"SEPARATED BIKEWAY","0","NO","NO","NO","NO","NO","NO","LINESTRING (-122.453979523 37.771428395, -122.454932132 37.771071719)","3"
"3495","12674000","TRANSVERSE DR","OVERLOOK DR","JOHN F KENNEDY DR","CLASS IV","2W",,"CONCRETE",,"S","1","0","0","Transverse Dr","0.04879575","75",,"2,023",,"0",,"SEPARATED BIKEWAY","0","NO","NO","YES","NO","NO","NO","LINESTRING (-122.479463554 37.769876967, -122.479895428 37.770495879)","3"
"112","10557000","POLK ST","ELLIS ST","OLIVE ST","CLASS IV","2W","GREEN PAINT","SAFE-HIT POSTS",,"S","1","0","0","Polk St","0.03290798","25",,"2,019","5","2000",,"SEPARATED BIKEWAY","0","NO","NO","NO","NO","NO","YES","LINESTRING (-122.419364168 37.784029116, -122.419454542 37.784500844)","3"
"3407","12722000","TURK ST","POLK ST","LARKIN ST","CLASS IV","1W","GREEN PAINT; GREEN-BACKED SHARROWS","PARKING; SAFE-HIT POSTS",,"W","0",,,"Turk St","0.0917052",,"4","2,018","11","2018",,"SEPARATED BIKEWAY","1","NO","NO","NO","NO","NO","YES","LINESTRING (-122.41733888 37.782378944, -122.418993274 37.782169271)","3"
"2138","181000","3RD ST","KING ST","BERRY ST","CLASS IV","2W","GREEN PAINT","SAFE-HIT POSTS",,"S","1","0","0","3rd St","0.05575069","61",,"2,024","3","2010",,"SEPARATED BIKEWAY","0","NO","NO","YES","NO","NO","NO","LINESTRING (-122.391840525 37.778125698, -122.391121418 37.777553277)","3"
"1694","300003","5TH ST","SCOTT ALY","CLARA ST","CLASS IV","2W",,"SAFE-HIT POSTS",,"N","1","0","0","5th St","0.01100071","61",,"2,020","3","2009",,"SEPARATED BIKEWAY","0","NO","NO","NO","NO","NO","YES","LINESTRING (-122.402519165 37.779571843, -122.402377492 37.779458716)","3"
"826","379000","07TH ST","BERRY ST","CHANNEL ST","CLASS IV","2W",,"SAFE-HIT POSTS",,"N","0",,,"7th St","0.07600035","20",,"2,019","7","1998",,"SEPARATED BIKEWAY","0","NO","NO","NO","NO","NO","YES","LINESTRING (-122.400022816 37.770515108, -122.399045712 37.769732331)","3"
"12175","8048201","LAKE MERCED BLVD","WINSTON DR","FONT BLVD","CLASS IV","2W",,"CONCRETE; SAFE-HIT POSTS",,"N","1","0","0","Lake Merced Blvd","0.21857308","885","3",,,"2024",,"SEPARATED BIKEWAY","0","NO","NO","NO","NO","NO","NO","LINESTRING (-122.483864395 37.727019523, -122.485075178 37.723999727)","3"
"2861","13064000","VALENCIA ST","18TH ST","19TH ST","CLASS IV","2W","GREEN PAINT","PARKING; SAFE-HIT POSTS","CR implemented 8/2023; SR implemented 5/2025","S","1","0","0","Valencia St","0.11064","45",,"2,025","5","1986",,"SEPARATED BIKEWAY","0","NO","NO","NO","YES","NO","N/A","LINESTRING (-122.421578401 37.761700909, -122.421425212 37.760101293)","3"
"8025","11366000","SAN BRUNO AVE","PERASTO AVE","HUNTER ST","CLASS IV","2W",,"SAFE-HIT POSTS",,"S",,,,"San Bruno Ave","0.03303625",,"1",,,"2021",,"SEPARATED BIKEWAY","0","NO","NO","NO","NO","NO","NO","LINESTRING (-122.407669225 37.735570384, -122.407284794 37.735201275)","1"
"3213","778000","17TH ST","CAROLINA ST","WISCONSIN ST","CLASS IV","2W","GREEN PAINT","PARKING; SAFE-HIT POSTS",,"W","1","2,017","3","17th St","0.05331797","0","3","2,024","6","2017",,"SEPARATED BIKEWAY","0","NO","NO","NO","NO","NO","NO","LINESTRING (-122.399662287 37.764956094, -122.40063332 37.764897507)","3"
"1437","12890000","FELL ST","SHRADER ST","STANYAN ST","CLASS IV","2W",,"SAFE-HIT POSTS",,"W","0","0","0","Fell St","0.10106285","30",,"2,017","4","2005",,"SEPARATED BIKEWAY","0","NO","NO","NO","NO","NO","YES","LINESTRING (-122.453979437 37.771428411, -122.453872378 37.771578017, -122.453442355 37.771755754, -122.452436884 37.772189682)","3"
"767","8752201","MARKET ST","LEAVENWORTH ST","HAYES ST","CLASS IV","2W","GREEN PAINT","SAFE-HIT POSTS",,,"1","0","0","Market St","0.09093908","2",,"2,011","5","2002",,"SEPARATED BIKEWAY","0","NO","NO","NO","NO","NO","N/A","LINESTRING (-122.414741222 37.77871943, -122.415925978 37.777795113)","3"
"3828","5340000","EVANS AVE","TOLAND ST","MARIN ST","CLASS IV","2W",,"SAFE-HIT POSTS",,"N","1","0","0","Evans Ave","0.08418142","60",,"2,022","10","2006",,"SEPARATED BIKEWAY","0","NO","NO","NO","NO","NO","NO","LINESTRING (-122.396008614 37.747262349, -122.396186171 37.747384961, -122.396647357 37.748351675)","2"
"11207","2757000","BATTERY ST","COMMERCIAL ST","CLAY ST","CLASS IV","1W",,"SAFE-HIT POSTS",,"N","0","0","0","Battery St","0.03060006","11",,"2,023","1","2010",,"SEPARATED BIKEWAY","0","NO","NO","YES","NO","NO","NO","LINESTRING (-122.400239374 37.794575242, -122.400329333 37.79501315)","3"
"12168","8042000","LAKE MERCED BLVD","SKYLINE BLVD","BERKSHIRE WY","CLASS IV","2W",,"CONCRETE; SAFE-HIT POSTS",,"W","0","0","0","Lake Merced Blvd","0.06168489","95","3",,,"2024",,"SEPARATED BIKEWAY","0","NO","NO","NO","NO","NO","NO","LINESTRING (-122.499058976 37.731576071, -122.498229795 37.731376239, -122.498001637 37.731277833)","3"
"2465","12663000","TOWNSEND ST","4TH ST","5TH ST","CLASS IV","2W","GREEN PAINT","CONCRETE",,"E","1","0","0","Townsend St","0.17180951","30",,"2,020","3","2010",,"SEPARATED BIKEWAY","0","NO","NO","NO","NO","NO","YES","LINESTRING (-122.394981481 37.777089332, -122.397206309 37.775332244)","3"
"3978","5450000","FELL ST","SCOTT ST","DIVISADERO ST","CLASS IV","1W","GREEN PAINT","CONCRETE; SAFE-HIT POSTS",,"W","0","0","0","Fell St","0.09263314","30",,"2,017","1","2003",,"SEPARATED BIKEWAY","0","NO","NO","NO","NO","NO","YES","LINESTRING (-122.435940328 37.774276678, -122.437610624 37.774061647)","3"
"4153","183000","3RD ST","CHANNEL ST","TERRY FRANCOIS ST","CLASS IV","2W",,"SAFE-HIT POSTS",,"S","1","0","0","3rd St","0.03173357","19",,"2,020","7","2010",,"SEPARATED BIKEWAY","1","NO","NO","YES","NO","NO","NO","LINESTRING (-122.390214567 37.776723442, -122.390048511 37.776499855, -122.39002504 37.776300145)","3"
"4050","296000","5TH ST","HOWARD ST","TEHAMA ST","CLASS IV","2W",,"SAFE-HIT POSTS",,"S","1","0","0","5th St","0.0411258","61",,"2,020","3","2009",,"SEPARATED BIKEWAY","0","NO","NO","NO","NO","NO","YES","LINESTRING (-122.404933347 37.781499509, -122.404403682 37.781076597)","3"
"1244","295000","5TH ST","NATOMA ST","HOWARD ST","CLASS IV","2W",,"SAFE-HIT POSTS",,"S","1","0","0","5th St","0.04137863","61",,"2,020","3","2009",,"SEPARATED BIKEWAY","1","NO","NO","NO","NO","NO","YES","LINESTRING (-122.405466275 37.781925018, -122.404933347 37.781499509)","3"
"806","379000","07TH ST","BERRY ST","CHANNEL ST","CLASS IV","2W",,"SAFE-HIT POSTS",,"S","1",,,"7th St","0.07600035","170",,"2,019","7","1998",,"SEPARATED BIKEWAY","0","NO","NO","NO","NO","NO","YES","LINESTRING (-122.400022816 37.770515108, -122.399045712 37.769732331)","3"
"5220","2801102","BAYSHORE BLVD","WATERLOO ST","MARENGO ST","CLASS IV","2W",,"SAFE-HIT POSTS",,"N","1","0","0","Bayshore Blvd","0.05374694","25",,"2,023","9","2012",,"SEPARATED BIKEWAY","0","NO","NO","NO","NO","NO","NO","LINESTRING (-122.407002359 37.739245894, -122.407011866 37.739099392, -122.407014844 37.738887667, -122.406990758 37.738467226)","3"
"115","10561000","POLK ST","GEARY ST","CEDAR ST","CLASS IV","2W","GREEN PAINT","SAFE-HIT POSTS",,"S","1","0","0","Polk St","0.03255474","16",,"2,019","5","2000",,"SEPARATED BIKEWAY","0","NO","NO","NO","NO","NO","YES","LINESTRING (-122.419738735 37.785892901, -122.419833091 37.786358951)","3"
"2974","10611101","PORTOLA DR","CORBETT AV","BURNETT AV","CLASS IV","2W",,"SAFE-HIT POSTS",,"N","0",,,"Portola Dr","0.25433323","60",,"2,023","5","2011",,"SEPARATED BIKEWAY","0","YES","NO","NO","NO","NO","NO","LINESTRING (-122.443347263 37.750082609, -122.443293586 37.749995773, -122.443436086 37.749420405, -122.443572858 37.749146583, -122.443716551 37.748999169, -122.443947126 37.748694571, -122.444114825 37.748359893, -122.444076747 37.74802861, -122.44401158 37.747785938, -122.444021196 37.747529068, -122.444165768 37.747245437, -122.444325537 37.747084441, -122.444553664 37.746974746, -122.444710837 37.746919947, -122.444847226 37.746945373)","0"
"7363","5458000","FELL ST","CLAYTON ST","COLE ST","CLASS IV","1W",,"PARKING; SAFE-HIT POSTS",,"W","0","2,020",,"Fell St","0.09114735",,"8",,,"2020",,"SEPARATED BIKEWAY","0","NO","NO","NO","NO","NO","NO","LINESTRING (-122.449143173 37.772578917, -122.450786708 37.772367664)","3"
"4157","5669000","FOLSOM ST","COLUMBIA SQUARE ST","RUSS ST","CLASS IV","1W","GREEN PAINT","PARKING; SAFE-HIT POSTS",,"E","0","2,014","0","Folsom St","0.0222528","30",,"2,018","1","1999",,"SEPARATED BIKEWAY","0","NO","NO","NO","NO","NO","YES","LINESTRING (-122.406436336 37.777856538, -122.40672447 37.777628934)","3"
"3059","5657000","FOLSOM ST","1ST ST","ECKER ST","CLASS IV","2W","GREEN PAINT","PARKING; SAFE-HIT POSTS",,"E","0","0","0","Folsom St","0.06061248","30",,"2,020","12","1996",,"SEPARATED BIKEWAY","0","NO","NO","NO","NO","NO","NO","LINESTRING (-122.394481274 37.787298215, -122.395266295 37.786678345)","3"
"812","137000","2ND ST","CLEMENTINA ST","FOLSOM ST","CLASS IV","2W","GREEN PAINT","SAFE-HIT POSTS",,"S","0","0","0","2nd St","0.04105845","11",,"2,019","4","0",,"SEPARATED BIKEWAY","0","NO","YES","NO","NO","NO","NO","LINESTRING (-122.39723446 37.785963991, -122.396705177 37.78554213)","3"
"8001","5658000","FOLSOM ST","ECKER ST","ESSEX ST","CLASS IV","2W","GREEN PAINT","PARKING; SAFE-HIT POSTS",,"W","1","0","0","Folsom St","0.02927676","23",,"2,020","12","2000",,"SEPARATED BIKEWAY","0","NO","NO","NO","NO","NO","NO","LINESTRING (-122.395266295 37.786678345, -122.395645467 37.786378936)","3"
"5007","13063000","VALENCIA ST","SYCAMORE ST","18TH ST","CLASS IV","2W","GREEN PAINT","PARKING; SAFE-HIT POSTS","CR implemented 8/2023; SR implemented 5/2025","N","0","0","0","Valencia St","0.06072296","45",,"2,025","5","2006",,"SEPARATED BIKEWAY","0","NO","NO","NO","YES","NO","N/A","LINESTRING (-122.421662477 37.762578832, -122.421578401 37.761700909)","3"
"149","13057002","VALENCIA ST","ROSA PARKS LN","15TH ST","CLASS IV","2W","GREEN PAINT","PARKING; SAFE-HIT POSTS",,"S","1","0","0","Valencia St","0.06456152","45",,"2,019","5","1999",,"SEPARATED BIKEWAY","0","NO","NO","NO","NO","NO","YES","LINESTRING (-122.422134435 37.767472922, -122.422043812 37.766539577)","3"
"507","549202","13TH ST","BERNICE ST","ISIS ST","CLASS IV","2W","GREEN PAINT","PARKING",,"W",,"2,016","2","13th St","0.03828827","0","9",,,"2015",,"SEPARATED BIKEWAY","0","NO","NO","NO","NO","NO","NO","LINESTRING (-122.414820762 37.769560581, -122.414122034 37.769536889)","3"
"4482","13060000","VALENCIA ST","16TH ST","17TH ST","CLASS IV","2W","GREEN PAINT","PARKING; SAFE-HIT POSTS","CR implemented 8/2023; SR implemented 5/2025","N","0","0","0","Valencia St","0.11188467","45",,"2,025","5","1974",,"SEPARATED BIKEWAY","0","NO","NO","NO","YES","NO","N/A","LINESTRING (-122.421886446 37.764917378, -122.421731521 37.763299768)","3"
"64","10568000","POLK ST","FRANK NORRIS ST","PINE ST","CLASS IV","2W","GREEN PAINT","SAFE-HIT POSTS",,"N","0","0","0","Polk St","0.03180695","25",,"2,019","5","2004",,"SEPARATED BIKEWAY","0","NO","NO","NO","NO","NO","YES","LINESTRING (-122.420401246 37.789165094, -122.420493443 37.789620438)","3"
"7686","12552101","THE EMBARCADERO","HOWARD ST","MISSION ST","CLASS IV","2W",,"CONCRETE; SAFE-HIT POSTS",,"S","0",,,"The Embarcadero","0.1196433",,,"2,020","11","2001",,"SEPARATED BIKEWAY","0","NO","NO","YES","NO","NO","NO","LINESTRING (-122.391086535 37.792445, -122.39249933 37.793768814)","3"
"11848","14218000","MACALLA RD","YERBA BUENA RD","I-80 W ON RAMP","CLASS IV","2W",,"CONCRETE",,"N",,,,"Macalla Rd","0.19772508",,"1",,,"2023",,"SEPARATED BIKEWAY","0","NO","NO","NO","NO","NO","NO","LINESTRING (-122.366739204 37.811148501, -122.366589583 37.811120864, -122.366413587 37.811106768, -122.366265694 37.811137907, -122.366063574 37.811214316, -122.365913848 37.811327686, -122.365853165 37.811408537, -122.365831901 37.811502515, -122.365781013 37.811627047, -122.365689058 37.811732366, -122.365531862 37.81181629, -122.365340303 37.81188572, -122.365159222 37.811944768, -122.364975181 37.811971514, -122.36484177 37.811961706, -122.364673323 37.81192521, -122.363873019 37.811745376, -122.363666188 37.811714424)","3"
"4854","289000","5TH ST","MARKET ST","STEVENSON ST","CLASS IV","2W",,"SAFE-HIT POSTS",,"N","0","0","0","5th St","0.04515165","61",,"2,020","3","2009",,"SEPARATED BIKEWAY","0","NO","NO","NO","NO","NO","YES","LINESTRING (-122.408066546 37.783991487, -122.407482812 37.783528918)","3"
"139","3692101","CARGO WAY","MENDELL ST","JENNINGS ST","CLASS IV","2W",,"CONCRETE; SAFE-HIT POSTS",,"W","0","0","0","Cargo Way","0.43025887","5",,,,"2012",,"SEPARATED BIKEWAY","0","NO","NO","NO","NO","NO","N/A","LINESTRING (-122.376847336 37.740191968, -122.376998233 37.74020718, -122.381980326 37.743035228, -122.3830742 37.743775589, -122.38311822 37.743883336)","3"
"3643","404000","8TH ST","MARKET ST","STEVENSON ST","CLASS IV","1W",,"CONCRETE",,"S","0","0","0","8th St","0.04647904","23",,"2,018","6","2003",,"SEPARATED BIKEWAY","0","NO","NO","NO","NO","NO","YES","LINESTRING (-122.414741222 37.77871943, -122.414143376 37.778240884)","3"
"4667","2156000","ALEMANY BLVD","PUTNAM ST","ALEMANY BLVD OFF RAMP","CLASS IV","2W",,"SAFE-HIT POSTS",,"W","1","0","0","Alemany Blvd","0.07710978","45",,"2,021","1","2011",,"SEPARATED BIKEWAY","1","NO","NO","NO","NO","NO","NO","LINESTRING (-122.409783242 37.735466961, -122.409951162 37.735328553, -122.41074104 37.73485124, -122.410829501 37.734732915)","3"
"2145","805000","17TH ST","CHURCH ST","SANCHEZ ST","CLASS IV","2W",,"CONCRETE; SAFE-HIT POSTS",,"E","1","0","0","17th St","0.12180684","50",,"2,018","9",,,"SEPARATED BIKEWAY","0","NO","NO","NO","NO","NO","N/A","LINESTRING (-122.42850875 37.762889866, -122.430726723 37.76275267)","3"
"397","549201","13TH ST","HARRISON ST","BERNICE ST","CLASS IV","2W","GREEN PAINT","PARKING",,"W",,"2,016","2","13th St","0.04043154","0","9",,,"2015",,"SEPARATED BIKEWAY","0","NO","NO","NO","NO","NO","NO","LINESTRING (-122.414122034 37.769536889, -122.413465872 37.769511944, -122.413385239 37.769502005)","3"
"2945","775000","17TH ST","CONNECTICUT ST","MISSOURI ST","CLASS IV","2W",,"SAFE-HIT POSTS",,"E","0","2,017","3","17th St","0.05306843","0","3","2,024","6","2017",,"SEPARATED BIKEWAY","0","NO","NO","NO","NO","NO","NO","LINESTRING (-122.39677089 37.765130496, -122.397737383 37.765072208)","3"
"100","10564000","POLK ST","HEMLOCK ST","SUTTER ST","CLASS IV","2W","GREEN PAINT","SAFE-HIT POSTS",,"N","0","0","0","Polk St","0.03329359","25",,"2,019","5","2004",,"SEPARATED BIKEWAY","0","NO","NO","NO","NO","NO","YES","LINESTRING (-122.420019573 37.787280026, -122.420116074 37.787756653)","3"
"7691","2863000","BEALE ST","MARKET ST","MISSION ST","CLASS IV","1W",,"PARKING; SAFE-HIT POSTS",,"N","0",,,"Beale St","0.12185312",,"12",,,"2020",,"SEPARATED BIKEWAY","0","NO","NO","YES","NO","NO","NO","LINESTRING (-122.397383446 37.792405521, -122.395813422 37.791152808)","3"
"971","13058000","VALENCIA ST","15TH ST","SPARROW ST","CLASS IV","2W","GREEN PAINT","PARKING; SAFE-HIT POSTS","CR implemented 8/2023; SR implemented 5/2025","S","1","0","0","Valencia St","0.05663969","45",,"2,025","5","1974",,"SEPARATED BIKEWAY","0","NO","NO","NO","NO","NO","N/A","LINESTRING (-122.422043812 37.766539577, -122.421964312 37.765720755)","3"
"11209","2759000","BATTERY ST","MERCHANT ST","WASHINGTON ST","CLASS IV","1W",,"SAFE-HIT POSTS",,"S",,,,"Battery St","0.02968402",,"1",,,"2023",,"SEPARATED BIKEWAY","0","NO","NO","NO","NO","NO","NO","LINESTRING (-122.400425891 37.795453497, -122.400498743 37.795880003)","3"
"3406","180000","3RD ST","TOWNSEND ST","KING ST","CLASS IV","2W","GREEN PAINT","PARKING; SAFE-HIT POSTS",,"N","0","0","0","3rd St","0.07060172","5",,"2,024","3","2010",,"SEPARATED BIKEWAY","0","NO","NO","NO","NO","NO","NO","LINESTRING (-122.392749787 37.778851717, -122.391840525 37.778125698)","3"
"7692","2863000","BEALE ST","MARKET ST","MISSION ST","CLASS IV","1W",,"PARKING; SAFE-HIT POSTS",,"S","0",,,"Beale St","0.12185312",,"12",,,"2020",,"SEPARATED BIKEWAY","0","NO","NO","NO","NO","NO","NO","LINESTRING (-122.397383446 37.792405521, -122.395813422 37.791152808)","3"
"3041","7530202","JOHN F KENNEDY DR","UNNAMED #133","KEZAR DR","CLASS IV","2W",,"SAFE-HIT POSTS",,"E","0","0","0","John F Kennedy Dr","0.02189261","30",,"2,021","1","2006",,"SEPARATED BIKEWAY","0","NO","NO","NO","NO","NO","YES","LINESTRING (-122.454932132 37.771071719, -122.455289746 37.770929661)","3"
"4127","181000","3RD ST","KING ST","BERRY ST","CLASS IV","2W","GREEN PAINT","SAFE-HIT POSTS",,"N","0","0","0","3rd St","0.05575069","5",,"2,024","3","2010",,"SEPARATED BIKEWAY","0","NO","NO","NO","NO","NO","NO","LINESTRING (-122.391840525 37.778125698, -122.391121418 37.777553277)","3"
"725","8754101","MARKET ST","POLK ST","11TH ST","CLASS IV","2W","GREEN PAINT","SAFE-HIT POSTS",,,"1","0","0","Market St","0.09230205","60",,"2,011","5","2004",,"SEPARATED BIKEWAY","0","NO","NO","NO","NO","NO","N/A","LINESTRING (-122.417501462 37.776540894, -122.41868359 37.775586569)","3"
"1969","297000","5TH ST","TEHAMA ST","CLEMENTINA ST","CLASS IV","2W",,"SAFE-HIT POSTS",,"S","1","0","0","5th St","0.03710043","61",,"2,020","3","2009",,"SEPARATED BIKEWAY","0","NO","NO","NO","NO","NO","YES","LINESTRING (-122.404403682 37.781076597, -122.403920882 37.78069905)","3"
"1361","4218000","CLIPPER ST","CLIPPER TERR","HIGH ST","CLASS IV","2W",,"SAFE-HIT POSTS",,"W","0","0","0","Clipper St","0.05873053","50",,"2,020","2","2009",,"SEPARATED BIKEWAY","0","NO","NO","NO","NO","NO","NO","LINESTRING (-122.442519009 37.748183216, -122.442584207 37.748079345, -122.443161821 37.747504352)","3"
"2046","789000","17TH ST","FLORIDA ST","ALABAMA ST","CLASS IV","2W",,"SAFE-HIT POSTS",,"E","1","0","0","17th St","0.05288974","40",,"2,018","5","2012",,"SEPARATED BIKEWAY","0","NO","NO","NO","NO","NO","YES","LINESTRING (-122.41133018 37.764251587, -122.412293396 37.764193376)","3"
"246","9199000","MISSISSIPPI ST","7TH ST","17TH ST","CLASS IV","2W","GREEN PAINT","CONCRETE; SAFE-HIT POSTS",,"S","1","0","0","Mississippi St","0.09166733","36",,"2,025","4","2009",,"SEPARATED BIKEWAY","0","NO","NO","NO","NO","NO","NO","LINESTRING (-122.395060545 37.766544577, -122.394935635 37.766389624, -122.39482876 37.7652476)","1"
"1724","8849000","MASONIC AVE","FULTON ST","GROVE ST","CLASS IV","2W","GREEN PAINT; GREEN-BACKED SHARROWS","CONCRETE",,"N","0","0","0","Masonic Ave","0.06498634","55",,"2,018","8","0",,"SEPARATED BIKEWAY","1","NO","YES","NO","NO","NO","YES","LINESTRING (-122.44647083 37.775801591, -122.446283674 37.774871103)","3"
"1185","783000","17TH ST","VERMONT ST","SAN BRUNO AVE","CLASS IV","2W",,"SAFE-HIT POSTS",,"W","0","0","0","17th St","0.05306634","40",,"2,018","5","2011",,"SEPARATED BIKEWAY","0","NO","NO","NO","NO","NO","YES","LINESTRING (-122.404496977 37.764664317, -122.40546342 37.764605969)","3"
"2510","366001","7TH ST","JESSIE ST","MISSION ST","CLASS IV","1W","GREEN PAINT","SAFE-HIT POSTS",,"N","0","2,017","4","7th St","0.04247012","30",,"2,017","5","2002",,"SEPARATED BIKEWAY","0","NO","NO","NO","NO","NO","NO","LINESTRING (-122.411484146 37.779647942, -122.410936574 37.779211685)","3"
"11218","2759000","BATTERY ST","MERCHANT ST","WASHINGTON ST","CLASS IV","1W",,"SAFE-HIT POSTS",,"N",,,,"Battery St","0.02968402",,"1",,,"2023",,"SEPARATED BIKEWAY","0","NO","NO","YES","NO","NO","NO","LINESTRING (-122.400425891 37.795453497, -122.400498743 37.795880003)","3"
"4016","7053000","HOWARD ST","WASHBURN ST","DORE ST","CLASS IV","1W","GREEN PAINT","SAFE-HIT POSTS",,"W","0","0","0","Howard St","0.01407792","40",,"2,018","12","2000",,"SEPARATED BIKEWAY","0","NO","NO","NO","NO","NO","N/A","LINESTRING (-122.413586546 37.774660227, -122.413768848 37.774516257)","3"
"120","12664000","TOWNSEND ST","5TH ST","6TH ST","CLASS IV","2W","GREEN PAINT","PARKING; SAFE-HIT POSTS",,"W","0","0","0","Townsend St","0.1719716","30",,"2,018","12","2010",,"SEPARATED BIKEWAY","1","NO","NO","NO","NO","NO","YES","LINESTRING (-122.397206309 37.775332244, -122.399433131 37.773573456)","3"
"7368","5454000","FELL ST","LYON ST","CENTRAL AVE","CLASS IV","1W",,"PARKING; SAFE-HIT POSTS",,"W","0","2,020",,"Fell St","0.09157773",,"8",,,"2020",,"SEPARATED BIKEWAY","0","NO","NO","NO","NO","NO","NO","LINESTRING (-122.44256485 37.773424225, -122.444216183 37.773212067)","3"
"3584","516000","11TH ST","HARRISON ST","BRYANT ST","CLASS IV","2W","GREEN PAINT","CONCRETE","Transit boarding island","S","1","0","0","11th St","0.11939111","25",,"2,016","12","2000",,"SEPARATED BIKEWAY","0","NO","NO","NO","NO","NO","N/A","LINESTRING (-122.412479936 37.770629854, -122.410931088 37.769411191)","3"
"818","380002","07TH ST","CHANNEL ST","HOOPER ST","CLASS IV","2W",,"SAFE-HIT POSTS",,"S","1",,,"7th St","0.03401025","23",,"2,020","8","1999",,"SEPARATED BIKEWAY","0","YES","NO","NO","NO","NO","NO","LINESTRING (-122.398617492 37.769390865, -122.398179219 37.769041378)","3"
"12803","182000","3RD ST","BERRY ST","CHANNEL ST","CLASS IV","2W","GREEN PAINT","PARKING; SAFE-HIT POSTS","Split a CNN for accuracy","N","0","0","0","3rd St","0.07627142","5",,"2,024","3","2010",,"SEPARATED BIKEWAY","1","NO","NO","NO","NO","NO","NO","LINESTRING (-122.391121418 37.777553277, -122.390953522 37.777418876, -122.390639284 37.777173064)","3"
"4106","784000","17TH ST","SAN BRUNO AVE","UTAH ST","CLASS IV","2W",,"SAFE-HIT POSTS",,"W","0","0","0","17th St","0.05302755","40",,"2,018","5","2011",,"SEPARATED BIKEWAY","0","NO","NO","NO","NO","NO","YES","LINESTRING (-122.40546342 37.764605969, -122.406429155 37.764547654)","3"
"8964","701000","16TH ST","DAGGETT ST","MISSOURI ST","CLASS IV","2W","GREEN PAINT","SAFE-HIT POSTS",,"W","0","21",,"16th St","0.1008608",,"1",,,"2021",,"SEPARATED BIKEWAY","0","NO","NO","NO","NO","NO","NO","LINESTRING (-122.395060545 37.766544577, -122.396897104 37.766429969)","1"
